scenario_id,probability,period,station_id,demand_units
S1,0.2,1,C001,147
S1,0.2,1,C002,154
S1,0.2,1,C003,161
S1,0.2,1,C004,168
S1,0.2,1,C005,175
S1,0.2,1,C006,182
S1,0.2,1,C007,189
S1,0.2,1,C008,196
S1,0.2,1,C009,203
S1,0.2,1,C010,210
S1,0.2,1,C011,217
S1,0.2,1,C012,224
S1,0.2,1,C013,231
S1,0.2,1,C014,238
S1,0.2,1,C015,245
S1,0.2,1,C016,252
S1,0.2,1,C017,259
S1,0.2,1,C018,266
S1,0.2,1,C019,273
S1,0.2,1,C020,280
S1,0.2,1,C021,287
S1,0.2,1,C022,294
S1,0.2,1,C023,301
S1,0.2,1,C024,308
S1,0.2,1,C025,315
S1,0.2,1,C026,322
S1,0.2,1,C027,329
S1,0.2,1,C028,336
S1,0.2,1,C029,343
S1,0.2,1,C030,350
S1,0.2,1,C031,357
S1,0.2,1,C032,364
S1,0.2,1,C033,371
S1,0.2,1,C034,378
S1,0.2,1,C035,385
S1,0.2,1,C036,392
S1,0.2,1,C037,399
S1,0.2,1,C038,406
S1,0.2,1,C039,413
S1,0.2,1,C040,420
S1,0.2,1,C041,427
S1,0.2,1,C042,434
S1,0.2,1,C043,441
S1,0.2,1,C044,448
S1,0.2,1,C045,140
S1,0.2,1,C046,147
S1,0.2,1,C047,154
S1,0.2,1,C048,161
S1,0.2,1,C049,168
S1,0.2,1,C050,175
S1,0.2,1,C051,182
S1,0.2,1,C052,189
S1,0.2,1,C053,196
S1,0.2,1,C054,203
S1,0.2,1,C055,210
S1,0.2,1,C056,217
S1,0.2,1,C057,224
S1,0.2,1,C058,231
S1,0.2,1,C059,238
S1,0.2,1,C060,245
S1,0.2,1,C061,252
S1,0.2,1,C062,259
S1,0.2,1,C063,266
S1,0.2,1,C064,273
S1,0.2,1,C065,280
S1,0.2,1,C066,287
S1,0.2,1,C067,294
S1,0.2,1,C068,301
S1,0.2,1,C069,308
S1,0.2,1,C070,315
S1,0.2,1,C071,322
S1,0.2,1,C072,329
S1,0.2,1,C073,336
S1,0.2,1,C074,343
S1,0.2,1,C075,350
S1,0.2,1,C076,357
S1,0.2,1,C077,364
S1,0.2,1,C078,371
S1,0.2,1,C079,378
S1,0.2,1,C080,385
S1,0.2,1,C081,392
S1,0.2,1,C082,399
S1,0.2,1,C083,406
S1,0.2,1,C084,413
S1,0.2,1,C085,420
S1,0.2,1,C086,427
S1,0.2,1,C087,434
S1,0.2,1,C088,441
S1,0.2,1,C089,448
S1,0.2,1,C090,140
S1,0.2,1,C091,147
S1,0.2,1,C092,154
S1,0.2,1,C093,161
S1,0.2,1,C094,168
S1,0.2,1,C095,175
S1,0.2,1,C096,182
S1,0.2,1,C097,189
S1,0.2,1,C098,196
S1,0.2,1,C099,203
S1,0.2,1,C100,210
S1,0.2,1,C101,217
S1,0.2,1,C102,224
S1,0.2,1,C103,231
S1,0.2,1,C104,238
S1,0.2,1,C105,245
S1,0.2,1,C106,252
S1,0.2,1,C107,259
S1,0.2,1,C108,266
S1,0.2,1,C109,273
S1,0.2,1,C110,280
S1,0.2,1,C111,287
S1,0.2,1,C112,294
S1,0.2,1,C113,301
S1,0.2,1,C114,308
S1,0.2,1,C115,315
S1,0.2,1,C116,322
S1,0.2,1,C117,329
S1,0.2,1,C118,336
S1,0.2,1,C119,343
S1,0.2,1,C120,350
S1,0.2,1,C121,357
S1,0.2,1,C122,364
S1,0.2,1,C123,371
S1,0.2,1,C124,378
S1,0.2,1,C125,385
S1,0.2,1,C126,392
S1,0.2,1,C127,399
S1,0.2,1,C128,406
S1,0.2,1,C129,413
S1,0.2,1,C130,420
S1,0.2,1,C131,427
S1,0.2,1,C132,434
S1,0.2,1,C133,441
S1,0.2,1,C134,448
S1,0.2,1,C135,140
S1,0.2,1,C136,147
S1,0.2,1,C137,154
S1,0.2,1,C138,161
S1,0.2,1,C139,168
S1,0.2,1,C140,175
S1,0.2,2,C001,165
S1,0.2,2,C002,172
S1,0.2,2,C003,179
S1,0.2,2,C004,186
S1,0.2,2,C005,193
S1,0.2,2,C006,200
S1,0.2,2,C007,207
S1,0.2,2,C008,214
S1,0.2,2,C009,221
S1,0.2,2,C010,228
S1,0.2,2,C011,235
S1,0.2,2,C012,242
S1,0.2,2,C013,249
S1,0.2,2,C014,256
S1,0.2,2,C015,263
S1,0.2,2,C016,270
S1,0.2,2,C017,277
S1,0.2,2,C018,284
S1,0.2,2,C019,291
S1,0.2,2,C020,298
S1,0.2,2,C021,305
S1,0.2,2,C022,312
S1,0.2,2,C023,319
S1,0.2,2,C024,326
S1,0.2,2,C025,333
S1,0.2,2,C026,340
S1,0.2,2,C027,347
S1,0.2,2,C028,354
S1,0.2,2,C029,361
S1,0.2,2,C030,368
S1,0.2,2,C031,375
S1,0.2,2,C032,382
S1,0.2,2,C033,389
S1,0.2,2,C034,396
S1,0.2,2,C035,403
S1,0.2,2,C036,410
S1,0.2,2,C037,417
S1,0.2,2,C038,424
S1,0.2,2,C039,431
S1,0.2,2,C040,438
S1,0.2,2,C041,445
S1,0.2,2,C042,452
S1,0.2,2,C043,459
S1,0.2,2,C044,466
S1,0.2,2,C045,158
S1,0.2,2,C046,165
S1,0.2,2,C047,172
S1,0.2,2,C048,179
S1,0.2,2,C049,186
S1,0.2,2,C050,193
S1,0.2,2,C051,200
S1,0.2,2,C052,207
S1,0.2,2,C053,214
S1,0.2,2,C054,221
S1,0.2,2,C055,228
S1,0.2,2,C056,235
S1,0.2,2,C057,242
S1,0.2,2,C058,249
S1,0.2,2,C059,256
S1,0.2,2,C060,263
S1,0.2,2,C061,270
S1,0.2,2,C062,277
S1,0.2,2,C063,284
S1,0.2,2,C064,291
S1,0.2,2,C065,298
S1,0.2,2,C066,305
S1,0.2,2,C067,312
S1,0.2,2,C068,319
S1,0.2,2,C069,326
S1,0.2,2,C070,333
S1,0.2,2,C071,340
S1,0.2,2,C072,347
S1,0.2,2,C073,354
S1,0.2,2,C074,361
S1,0.2,2,C075,368
S1,0.2,2,C076,375
S1,0.2,2,C077,382
S1,0.2,2,C078,389
S1,0.2,2,C079,396
S1,0.2,2,C080,403
S1,0.2,2,C081,410
S1,0.2,2,C082,417
S1,0.2,2,C083,424
S1,0.2,2,C084,431
S1,0.2,2,C085,438
S1,0.2,2,C086,445
S1,0.2,2,C087,452
S1,0.2,2,C088,459
S1,0.2,2,C089,466
S1,0.2,2,C090,158
S1,0.2,2,C091,165
S1,0.2,2,C092,172
S1,0.2,2,C093,179
S1,0.2,2,C094,186
S1,0.2,2,C095,193
S1,0.2,2,C096,200
S1,0.2,2,C097,207
S1,0.2,2,C098,214
S1,0.2,2,C099,221
S1,0.2,2,C100,228
S1,0.2,2,C101,235
S1,0.2,2,C102,242
S1,0.2,2,C103,249
S1,0.2,2,C104,256
S1,0.2,2,C105,263
S1,0.2,2,C106,270
S1,0.2,2,C107,277
S1,0.2,2,C108,284
S1,0.2,2,C109,291
S1,0.2,2,C110,298
S1,0.2,2,C111,305
S1,0.2,2,C112,312
S1,0.2,2,C113,319
S1,0.2,2,C114,326
S1,0.2,2,C115,333
S1,0.2,2,C116,340
S1,0.2,2,C117,347
S1,0.2,2,C118,354
S1,0.2,2,C119,361
S1,0.2,2,C120,368
S1,0.2,2,C121,375
S1,0.2,2,C122,382
S1,0.2,2,C123,389
S1,0.2,2,C124,396
S1,0.2,2,C125,403
S1,0.2,2,C126,410
S1,0.2,2,C127,417
S1,0.2,2,C128,424
S1,0.2,2,C129,431
S1,0.2,2,C130,438
S1,0.2,2,C131,445
S1,0.2,2,C132,452
S1,0.2,2,C133,459
S1,0.2,2,C134,466
S1,0.2,2,C135,158
S1,0.2,2,C136,165
S1,0.2,2,C137,172
S1,0.2,2,C138,179
S1,0.2,2,C139,186
S1,0.2,2,C140,193
S1,0.2,3,C001,183
S1,0.2,3,C002,190
S1,0.2,3,C003,197
S1,0.2,3,C004,204
S1,0.2,3,C005,211
S1,0.2,3,C006,218
S1,0.2,3,C007,225
S1,0.2,3,C008,232
S1,0.2,3,C009,239
S1,0.2,3,C010,246
S1,0.2,3,C011,253
S1,0.2,3,C012,260
S1,0.2,3,C013,267
S1,0.2,3,C014,274
S1,0.2,3,C015,281
S1,0.2,3,C016,288
S1,0.2,3,C017,295
S1,0.2,3,C018,302
S1,0.2,3,C019,309
S1,0.2,3,C020,316
S1,0.2,3,C021,323
S1,0.2,3,C022,330
S1,0.2,3,C023,337
S1,0.2,3,C024,344
S1,0.2,3,C025,351
S1,0.2,3,C026,358
S1,0.2,3,C027,365
S1,0.2,3,C028,372
S1,0.2,3,C029,379
S1,0.2,3,C030,386
S1,0.2,3,C031,393
S1,0.2,3,C032,400
S1,0.2,3,C033,407
S1,0.2,3,C034,414
S1,0.2,3,C035,421
S1,0.2,3,C036,428
S1,0.2,3,C037,435
S1,0.2,3,C038,442
S1,0.2,3,C039,449
S1,0.2,3,C040,456
S1,0.2,3,C041,463
S1,0.2,3,C042,470
S1,0.2,3,C043,477
S1,0.2,3,C044,484
S1,0.2,3,C045,176
S1,0.2,3,C046,183
S1,0.2,3,C047,190
S1,0.2,3,C048,197
S1,0.2,3,C049,204
S1,0.2,3,C050,211
S1,0.2,3,C051,218
S1,0.2,3,C052,225
S1,0.2,3,C053,232
S1,0.2,3,C054,239
S1,0.2,3,C055,246
S1,0.2,3,C056,253
S1,0.2,3,C057,260
S1,0.2,3,C058,267
S1,0.2,3,C059,274
S1,0.2,3,C060,281
S1,0.2,3,C061,288
S1,0.2,3,C062,295
S1,0.2,3,C063,302
S1,0.2,3,C064,309
S1,0.2,3,C065,316
S1,0.2,3,C066,323
S1,0.2,3,C067,330
S1,0.2,3,C068,337
S1,0.2,3,C069,344
S1,0.2,3,C070,351
S1,0.2,3,C071,358
S1,0.2,3,C072,365
S1,0.2,3,C073,372
S1,0.2,3,C074,379
S1,0.2,3,C075,386
S1,0.2,3,C076,393
S1,0.2,3,C077,400
S1,0.2,3,C078,407
S1,0.2,3,C079,414
S1,0.2,3,C080,421
S1,0.2,3,C081,428
S1,0.2,3,C082,435
S1,0.2,3,C083,442
S1,0.2,3,C084,449
S1,0.2,3,C085,456
S1,0.2,3,C086,463
S1,0.2,3,C087,470
S1,0.2,3,C088,477
S1,0.2,3,C089,484
S1,0.2,3,C090,176
S1,0.2,3,C091,183
S1,0.2,3,C092,190
S1,0.2,3,C093,197
S1,0.2,3,C094,204
S1,0.2,3,C095,211
S1,0.2,3,C096,218
S1,0.2,3,C097,225
S1,0.2,3,C098,232
S1,0.2,3,C099,239
S1,0.2,3,C100,246
S1,0.2,3,C101,253
S1,0.2,3,C102,260
S1,0.2,3,C103,267
S1,0.2,3,C104,274
S1,0.2,3,C105,281
S1,0.2,3,C106,288
S1,0.2,3,C107,295
S1,0.2,3,C108,302
S1,0.2,3,C109,309
S1,0.2,3,C110,316
S1,0.2,3,C111,323
S1,0.2,3,C112,330
S1,0.2,3,C113,337
S1,0.2,3,C114,344
S1,0.2,3,C115,351
S1,0.2,3,C116,358
S1,0.2,3,C117,365
S1,0.2,3,C118,372
S1,0.2,3,C119,379
S1,0.2,3,C120,386
S1,0.2,3,C121,393
S1,0.2,3,C122,400
S1,0.2,3,C123,407
S1,0.2,3,C124,414
S1,0.2,3,C125,421
S1,0.2,3,C126,428
S1,0.2,3,C127,435
S1,0.2,3,C128,442
S1,0.2,3,C129,449
S1,0.2,3,C130,456
S1,0.2,3,C131,463
S1,0.2,3,C132,470
S1,0.2,3,C133,477
S1,0.2,3,C134,484
S1,0.2,3,C135,176
S1,0.2,3,C136,183
S1,0.2,3,C137,190
S1,0.2,3,C138,197
S1,0.2,3,C139,204
S1,0.2,3,C140,211
S2,0.2,1,C001,163
S2,0.2,1,C002,170
S2,0.2,1,C003,177
S2,0.2,1,C004,184
S2,0.2,1,C005,191
S2,0.2,1,C006,198
S2,0.2,1,C007,205
S2,0.2,1,C008,212
S2,0.2,1,C009,219
S2,0.2,1,C010,226
S2,0.2,1,C011,233
S2,0.2,1,C012,240
S2,0.2,1,C013,247
S2,0.2,1,C014,254
S2,0.2,1,C015,261
S2,0.2,1,C016,268
S2,0.2,1,C017,275
S2,0.2,1,C018,282
S2,0.2,1,C019,289
S2,0.2,1,C020,296
S2,0.2,1,C021,303
S2,0.2,1,C022,310
S2,0.2,1,C023,317
S2,0.2,1,C024,324
S2,0.2,1,C025,331
S2,0.2,1,C026,338
S2,0.2,1,C027,345
S2,0.2,1,C028,352
S2,0.2,1,C029,359
S2,0.2,1,C030,366
S2,0.2,1,C031,373
S2,0.2,1,C032,380
S2,0.2,1,C033,387
S2,0.2,1,C034,394
S2,0.2,1,C035,401
S2,0.2,1,C036,408
S2,0.2,1,C037,415
S2,0.2,1,C038,422
S2,0.2,1,C039,429
S2,0.2,1,C040,436
S2,0.2,1,C041,443
S2,0.2,1,C042,450
S2,0.2,1,C043,457
S2,0.2,1,C044,464
S2,0.2,1,C045,156
S2,0.2,1,C046,163
S2,0.2,1,C047,170
S2,0.2,1,C048,177
S2,0.2,1,C049,184
S2,0.2,1,C050,191
S2,0.2,1,C051,198
S2,0.2,1,C052,205
S2,0.2,1,C053,212
S2,0.2,1,C054,219
S2,0.2,1,C055,226
S2,0.2,1,C056,233
S2,0.2,1,C057,240
S2,0.2,1,C058,247
S2,0.2,1,C059,254
S2,0.2,1,C060,261
S2,0.2,1,C061,268
S2,0.2,1,C062,275
S2,0.2,1,C063,282
S2,0.2,1,C064,289
S2,0.2,1,C065,296
S2,0.2,1,C066,303
S2,0.2,1,C067,310
S2,0.2,1,C068,317
S2,0.2,1,C069,324
S2,0.2,1,C070,331
S2,0.2,1,C071,338
S2,0.2,1,C072,345
S2,0.2,1,C073,352
S2,0.2,1,C074,359
S2,0.2,1,C075,366
S2,0.2,1,C076,373
S2,0.2,1,C077,380
S2,0.2,1,C078,387
S2,0.2,1,C079,394
S2,0.2,1,C080,401
S2,0.2,1,C081,408
S2,0.2,1,C082,415
S2,0.2,1,C083,422
S2,0.2,1,C084,429
S2,0.2,1,C085,436
S2,0.2,1,C086,443
S2,0.2,1,C087,450
S2,0.2,1,C088,457
S2,0.2,1,C089,464
S2,0.2,1,C090,156
S2,0.2,1,C091,163
S2,0.2,1,C092,170
S2,0.2,1,C093,177
S2,0.2,1,C094,184
S2,0.2,1,C095,191
S2,0.2,1,C096,198
S2,0.2,1,C097,205
S2,0.2,1,C098,212
S2,0.2,1,C099,219
S2,0.2,1,C100,226
S2,0.2,1,C101,233
S2,0.2,1,C102,240
S2,0.2,1,C103,247
S2,0.2,1,C104,254
S2,0.2,1,C105,261
S2,0.2,1,C106,268
S2,0.2,1,C107,275
S2,0.2,1,C108,282
S2,0.2,1,C109,289
S2,0.2,1,C110,296
S2,0.2,1,C111,303
S2,0.2,1,C112,310
S2,0.2,1,C113,317
S2,0.2,1,C114,324
S2,0.2,1,C115,331
S2,0.2,1,C116,338
S2,0.2,1,C117,345
S2,0.2,1,C118,352
S2,0.2,1,C119,359
S2,0.2,1,C120,366
S2,0.2,1,C121,373
S2,0.2,1,C122,380
S2,0.2,1,C123,387
S2,0.2,1,C124,394
S2,0.2,1,C125,401
S2,0.2,1,C126,408
S2,0.2,1,C127,415
S2,0.2,1,C128,422
S2,0.2,1,C129,429
S2,0.2,1,C130,436
S2,0.2,1,C131,443
S2,0.2,1,C132,450
S2,0.2,1,C133,457
S2,0.2,1,C134,464
S2,0.2,1,C135,156
S2,0.2,1,C136,163
S2,0.2,1,C137,170
S2,0.2,1,C138,177
S2,0.2,1,C139,184
S2,0.2,1,C140,191
S2,0.2,2,C001,181
S2,0.2,2,C002,188
S2,0.2,2,C003,195
S2,0.2,2,C004,202
S2,0.2,2,C005,209
S2,0.2,2,C006,216
S2,0.2,2,C007,223
S2,0.2,2,C008,230
S2,0.2,2,C009,237
S2,0.2,2,C010,244
S2,0.2,2,C011,251
S2,0.2,2,C012,258
S2,0.2,2,C013,265
S2,0.2,2,C014,272
S2,0.2,2,C015,279
S2,0.2,2,C016,286
S2,0.2,2,C017,293
S2,0.2,2,C018,300
S2,0.2,2,C019,307
S2,0.2,2,C020,314
S2,0.2,2,C021,321
S2,0.2,2,C022,328
S2,0.2,2,C023,335
S2,0.2,2,C024,342
S2,0.2,2,C025,349
S2,0.2,2,C026,356
S2,0.2,2,C027,363
S2,0.2,2,C028,370
S2,0.2,2,C029,377
S2,0.2,2,C030,384
S2,0.2,2,C031,391
S2,0.2,2,C032,398
S2,0.2,2,C033,405
S2,0.2,2,C034,412
S2,0.2,2,C035,419
S2,0.2,2,C036,426
S2,0.2,2,C037,433
S2,0.2,2,C038,440
S2,0.2,2,C039,447
S2,0.2,2,C040,454
S2,0.2,2,C041,461
S2,0.2,2,C042,468
S2,0.2,2,C043,475
S2,0.2,2,C044,482
S2,0.2,2,C045,174
S2,0.2,2,C046,181
S2,0.2,2,C047,188
S2,0.2,2,C048,195
S2,0.2,2,C049,202
S2,0.2,2,C050,209
S2,0.2,2,C051,216
S2,0.2,2,C052,223
S2,0.2,2,C053,230
S2,0.2,2,C054,237
S2,0.2,2,C055,244
S2,0.2,2,C056,251
S2,0.2,2,C057,258
S2,0.2,2,C058,265
S2,0.2,2,C059,272
S2,0.2,2,C060,279
S2,0.2,2,C061,286
S2,0.2,2,C062,293
S2,0.2,2,C063,300
S2,0.2,2,C064,307
S2,0.2,2,C065,314
S2,0.2,2,C066,321
S2,0.2,2,C067,328
S2,0.2,2,C068,335
S2,0.2,2,C069,342
S2,0.2,2,C070,349
S2,0.2,2,C071,356
S2,0.2,2,C072,363
S2,0.2,2,C073,370
S2,0.2,2,C074,377
S2,0.2,2,C075,384
S2,0.2,2,C076,391
S2,0.2,2,C077,398
S2,0.2,2,C078,405
S2,0.2,2,C079,412
S2,0.2,2,C080,419
S2,0.2,2,C081,426
S2,0.2,2,C082,433
S2,0.2,2,C083,440
S2,0.2,2,C084,447
S2,0.2,2,C085,454
S2,0.2,2,C086,461
S2,0.2,2,C087,468
S2,0.2,2,C088,475
S2,0.2,2,C089,482
S2,0.2,2,C090,174
S2,0.2,2,C091,181
S2,0.2,2,C092,188
S2,0.2,2,C093,195
S2,0.2,2,C094,202
S2,0.2,2,C095,209
S2,0.2,2,C096,216
S2,0.2,2,C097,223
S2,0.2,2,C098,230
S2,0.2,2,C099,237
S2,0.2,2,C100,244
S2,0.2,2,C101,251
S2,0.2,2,C102,258
S2,0.2,2,C103,265
S2,0.2,2,C104,272
S2,0.2,2,C105,279
S2,0.2,2,C106,286
S2,0.2,2,C107,293
S2,0.2,2,C108,300
S2,0.2,2,C109,307
S2,0.2,2,C110,314
S2,0.2,2,C111,321
S2,0.2,2,C112,328
S2,0.2,2,C113,335
S2,0.2,2,C114,342
S2,0.2,2,C115,349
S2,0.2,2,C116,356
S2,0.2,2,C117,363
S2,0.2,2,C118,370
S2,0.2,2,C119,377
S2,0.2,2,C120,384
S2,0.2,2,C121,391
S2,0.2,2,C122,398
S2,0.2,2,C123,405
S2,0.2,2,C124,412
S2,0.2,2,C125,419
S2,0.2,2,C126,426
S2,0.2,2,C127,433
S2,0.2,2,C128,440
S2,0.2,2,C129,447
S2,0.2,2,C130,454
S2,0.2,2,C131,461
S2,0.2,2,C132,468
S2,0.2,2,C133,475
S2,0.2,2,C134,482
S2,0.2,2,C135,174
S2,0.2,2,C136,181
S2,0.2,2,C137,188
S2,0.2,2,C138,195
S2,0.2,2,C139,202
S2,0.2,2,C140,209
S2,0.2,3,C001,199
S2,0.2,3,C002,206
S2,0.2,3,C003,213
S2,0.2,3,C004,220
S2,0.2,3,C005,227
S2,0.2,3,C006,234
S2,0.2,3,C007,241
S2,0.2,3,C008,248
S2,0.2,3,C009,255
S2,0.2,3,C010,262
S2,0.2,3,C011,269
S2,0.2,3,C012,276
S2,0.2,3,C013,283
S2,0.2,3,C014,290
S2,0.2,3,C015,297
S2,0.2,3,C016,304
S2,0.2,3,C017,311
S2,0.2,3,C018,318
S2,0.2,3,C019,325
S2,0.2,3,C020,332
S2,0.2,3,C021,339
S2,0.2,3,C022,346
S2,0.2,3,C023,353
S2,0.2,3,C024,360
S2,0.2,3,C025,367
S2,0.2,3,C026,374
S2,0.2,3,C027,381
S2,0.2,3,C028,388
S2,0.2,3,C029,395
S2,0.2,3,C030,402
S2,0.2,3,C031,409
S2,0.2,3,C032,416
S2,0.2,3,C033,423
S2,0.2,3,C034,430
S2,0.2,3,C035,437
S2,0.2,3,C036,444
S2,0.2,3,C037,451
S2,0.2,3,C038,458
S2,0.2,3,C039,465
S2,0.2,3,C040,472
S2,0.2,3,C041,479
S2,0.2,3,C042,486
S2,0.2,3,C043,493
S2,0.2,3,C044,500
S2,0.2,3,C045,192
S2,0.2,3,C046,199
S2,0.2,3,C047,206
S2,0.2,3,C048,213
S2,0.2,3,C049,220
S2,0.2,3,C050,227
S2,0.2,3,C051,234
S2,0.2,3,C052,241
S2,0.2,3,C053,248
S2,0.2,3,C054,255
S2,0.2,3,C055,262
S2,0.2,3,C056,269
S2,0.2,3,C057,276
S2,0.2,3,C058,283
S2,0.2,3,C059,290
S2,0.2,3,C060,297
S2,0.2,3,C061,304
S2,0.2,3,C062,311
S2,0.2,3,C063,318
S2,0.2,3,C064,325
S2,0.2,3,C065,332
S2,0.2,3,C066,339
S2,0.2,3,C067,346
S2,0.2,3,C068,353
S2,0.2,3,C069,360
S2,0.2,3,C070,367
S2,0.2,3,C071,374
S2,0.2,3,C072,381
S2,0.2,3,C073,388
S2,0.2,3,C074,395
S2,0.2,3,C075,402
S2,0.2,3,C076,409
S2,0.2,3,C077,416
S2,0.2,3,C078,423
S2,0.2,3,C079,430
S2,0.2,3,C080,437
S2,0.2,3,C081,444
S2,0.2,3,C082,451
S2,0.2,3,C083,458
S2,0.2,3,C084,465
S2,0.2,3,C085,472
S2,0.2,3,C086,479
S2,0.2,3,C087,486
S2,0.2,3,C088,493
S2,0.2,3,C089,500
S2,0.2,3,C090,192
S2,0.2,3,C091,199
S2,0.2,3,C092,206
S2,0.2,3,C093,213
S2,0.2,3,C094,220
S2,0.2,3,C095,227
S2,0.2,3,C096,234
S2,0.2,3,C097,241
S2,0.2,3,C098,248
S2,0.2,3,C099,255
S2,0.2,3,C100,262
S2,0.2,3,C101,269
S2,0.2,3,C102,276
S2,0.2,3,C103,283
S2,0.2,3,C104,290
S2,0.2,3,C105,297
S2,0.2,3,C106,304
S2,0.2,3,C107,311
S2,0.2,3,C108,318
S2,0.2,3,C109,325
S2,0.2,3,C110,332
S2,0.2,3,C111,339
S2,0.2,3,C112,346
S2,0.2,3,C113,353
S2,0.2,3,C114,360
S2,0.2,3,C115,367
S2,0.2,3,C116,374
S2,0.2,3,C117,381
S2,0.2,3,C118,388
S2,0.2,3,C119,395
S2,0.2,3,C120,402
S2,0.2,3,C121,409
S2,0.2,3,C122,416
S2,0.2,3,C123,423
S2,0.2,3,C124,430
S2,0.2,3,C125,437
S2,0.2,3,C126,444
S2,0.2,3,C127,451
S2,0.2,3,C128,458
S2,0.2,3,C129,465
S2,0.2,3,C130,472
S2,0.2,3,C131,479
S2,0.2,3,C132,486
S2,0.2,3,C133,493
S2,0.2,3,C134,500
S2,0.2,3,C135,192
S2,0.2,3,C136,199
S2,0.2,3,C137,206
S2,0.2,3,C138,213
S2,0.2,3,C139,220
S2,0.2,3,C140,227
S3,0.2,1,C001,179
S3,0.2,1,C002,186
S3,0.2,1,C003,193
S3,0.2,1,C004,200
S3,0.2,1,C005,207
S3,0.2,1,C006,214
S3,0.2,1,C007,221
S3,0.2,1,C008,228
S3,0.2,1,C009,235
S3,0.2,1,C010,242
S3,0.2,1,C011,249
S3,0.2,1,C012,256
S3,0.2,1,C013,263
S3,0.2,1,C014,270
S3,0.2,1,C015,277
S3,0.2,1,C016,284
S3,0.2,1,C017,291
S3,0.2,1,C018,298
S3,0.2,1,C019,305
S3,0.2,1,C020,312
S3,0.2,1,C021,319
S3,0.2,1,C022,326
S3,0.2,1,C023,333
S3,0.2,1,C024,340
S3,0.2,1,C025,347
S3,0.2,1,C026,354
S3,0.2,1,C027,361
S3,0.2,1,C028,368
S3,0.2,1,C029,375
S3,0.2,1,C030,382
S3,0.2,1,C031,389
S3,0.2,1,C032,396
S3,0.2,1,C033,403
S3,0.2,1,C034,410
S3,0.2,1,C035,417
S3,0.2,1,C036,424
S3,0.2,1,C037,431
S3,0.2,1,C038,438
S3,0.2,1,C039,445
S3,0.2,1,C040,452
S3,0.2,1,C041,459
S3,0.2,1,C042,466
S3,0.2,1,C043,473
S3,0.2,1,C044,480
S3,0.2,1,C045,172
S3,0.2,1,C046,179
S3,0.2,1,C047,186
S3,0.2,1,C048,193
S3,0.2,1,C049,200
S3,0.2,1,C050,207
S3,0.2,1,C051,214
S3,0.2,1,C052,221
S3,0.2,1,C053,228
S3,0.2,1,C054,235
S3,0.2,1,C055,242
S3,0.2,1,C056,249
S3,0.2,1,C057,256
S3,0.2,1,C058,263
S3,0.2,1,C059,270
S3,0.2,1,C060,277
S3,0.2,1,C061,284
S3,0.2,1,C062,291
S3,0.2,1,C063,298
S3,0.2,1,C064,305
S3,0.2,1,C065,312
S3,0.2,1,C066,319
S3,0.2,1,C067,326
S3,0.2,1,C068,333
S3,0.2,1,C069,340
S3,0.2,1,C070,347
S3,0.2,1,C071,354
S3,0.2,1,C072,361
S3,0.2,1,C073,368
S3,0.2,1,C074,375
S3,0.2,1,C075,382
S3,0.2,1,C076,389
S3,0.2,1,C077,396
S3,0.2,1,C078,403
S3,0.2,1,C079,410
S3,0.2,1,C080,417
S3,0.2,1,C081,424
S3,0.2,1,C082,431
S3,0.2,1,C083,438
S3,0.2,1,C084,445
S3,0.2,1,C085,452
S3,0.2,1,C086,459
S3,0.2,1,C087,466
S3,0.2,1,C088,473
S3,0.2,1,C089,480
S3,0.2,1,C090,172
S3,0.2,1,C091,179
S3,0.2,1,C092,186
S3,0.2,1,C093,193
S3,0.2,1,C094,200
S3,0.2,1,C095,207
S3,0.2,1,C096,214
S3,0.2,1,C097,221
S3,0.2,1,C098,228
S3,0.2,1,C099,235
S3,0.2,1,C100,242
S3,0.2,1,C101,249
S3,0.2,1,C102,256
S3,0.2,1,C103,263
S3,0.2,1,C104,270
S3,0.2,1,C105,277
S3,0.2,1,C106,284
S3,0.2,1,C107,291
S3,0.2,1,C108,298
S3,0.2,1,C109,305
S3,0.2,1,C110,312
S3,0.2,1,C111,319
S3,0.2,1,C112,326
S3,0.2,1,C113,333
S3,0.2,1,C114,340
S3,0.2,1,C115,347
S3,0.2,1,C116,354
S3,0.2,1,C117,361
S3,0.2,1,C118,368
S3,0.2,1,C119,375
S3,0.2,1,C120,382
S3,0.2,1,C121,389
S3,0.2,1,C122,396
S3,0.2,1,C123,403
S3,0.2,1,C124,410
S3,0.2,1,C125,417
S3,0.2,1,C126,424
S3,0.2,1,C127,431
S3,0.2,1,C128,438
S3,0.2,1,C129,445
S3,0.2,1,C130,452
S3,0.2,1,C131,459
S3,0.2,1,C132,466
S3,0.2,1,C133,473
S3,0.2,1,C134,480
S3,0.2,1,C135,172
S3,0.2,1,C136,179
S3,0.2,1,C137,186
S3,0.2,1,C138,193
S3,0.2,1,C139,200
S3,0.2,1,C140,207
S3,0.2,2,C001,197
S3,0.2,2,C002,204
S3,0.2,2,C003,211
S3,0.2,2,C004,218
S3,0.2,2,C005,225
S3,0.2,2,C006,232
S3,0.2,2,C007,239
S3,0.2,2,C008,246
S3,0.2,2,C009,253
S3,0.2,2,C010,260
S3,0.2,2,C011,267
S3,0.2,2,C012,274
S3,0.2,2,C013,281
S3,0.2,2,C014,288
S3,0.2,2,C015,295
S3,0.2,2,C016,302
S3,0.2,2,C017,309
S3,0.2,2,C018,316
S3,0.2,2,C019,323
S3,0.2,2,C020,330
S3,0.2,2,C021,337
S3,0.2,2,C022,344
S3,0.2,2,C023,351
S3,0.2,2,C024,358
S3,0.2,2,C025,365
S3,0.2,2,C026,372
S3,0.2,2,C027,379
S3,0.2,2,C028,386
S3,0.2,2,C029,393
S3,0.2,2,C030,400
S3,0.2,2,C031,407
S3,0.2,2,C032,414
S3,0.2,2,C033,421
S3,0.2,2,C034,428
S3,0.2,2,C035,435
S3,0.2,2,C036,442
S3,0.2,2,C037,449
S3,0.2,2,C038,456
S3,0.2,2,C039,463
S3,0.2,2,C040,470
S3,0.2,2,C041,477
S3,0.2,2,C042,484
S3,0.2,2,C043,491
S3,0.2,2,C044,498
S3,0.2,2,C045,190
S3,0.2,2,C046,197
S3,0.2,2,C047,204
S3,0.2,2,C048,211
S3,0.2,2,C049,218
S3,0.2,2,C050,225
S3,0.2,2,C051,232
S3,0.2,2,C052,239
S3,0.2,2,C053,246
S3,0.2,2,C054,253
S3,0.2,2,C055,260
S3,0.2,2,C056,267
S3,0.2,2,C057,274
S3,0.2,2,C058,281
S3,0.2,2,C059,288
S3,0.2,2,C060,295
S3,0.2,2,C061,302
S3,0.2,2,C062,309
S3,0.2,2,C063,316
S3,0.2,2,C064,323
S3,0.2,2,C065,330
S3,0.2,2,C066,337
S3,0.2,2,C067,344
S3,0.2,2,C068,351
S3,0.2,2,C069,358
S3,0.2,2,C070,365
S3,0.2,2,C071,372
S3,0.2,2,C072,379
S3,0.2,2,C073,386
S3,0.2,2,C074,393
S3,0.2,2,C075,400
S3,0.2,2,C076,407
S3,0.2,2,C077,414
S3,0.2,2,C078,421
S3,0.2,2,C079,428
S3,0.2,2,C080,435
S3,0.2,2,C081,442
S3,0.2,2,C082,449
S3,0.2,2,C083,456
S3,0.2,2,C084,463
S3,0.2,2,C085,470
S3,0.2,2,C086,477
S3,0.2,2,C087,484
S3,0.2,2,C088,491
S3,0.2,2,C089,498
S3,0.2,2,C090,190
S3,0.2,2,C091,197
S3,0.2,2,C092,204
S3,0.2,2,C093,211
S3,0.2,2,C094,218
S3,0.2,2,C095,225
S3,0.2,2,C096,232
S3,0.2,2,C097,239
S3,0.2,2,C098,246
S3,0.2,2,C099,253
S3,0.2,2,C100,260
S3,0.2,2,C101,267
S3,0.2,2,C102,274
S3,0.2,2,C103,281
S3,0.2,2,C104,288
S3,0.2,2,C105,295
S3,0.2,2,C106,302
S3,0.2,2,C107,309
S3,0.2,2,C108,316
S3,0.2,2,C109,323
S3,0.2,2,C110,330
S3,0.2,2,C111,337
S3,0.2,2,C112,344
S3,0.2,2,C113,351
S3,0.2,2,C114,358
S3,0.2,2,C115,365
S3,0.2,2,C116,372
S3,0.2,2,C117,379
S3,0.2,2,C118,386
S3,0.2,2,C119,393
S3,0.2,2,C120,400
S3,0.2,2,C121,407
S3,0.2,2,C122,414
S3,0.2,2,C123,421
S3,0.2,2,C124,428
S3,0.2,2,C125,435
S3,0.2,2,C126,442
S3,0.2,2,C127,449
S3,0.2,2,C128,456
S3,0.2,2,C129,463
S3,0.2,2,C130,470
S3,0.2,2,C131,477
S3,0.2,2,C132,484
S3,0.2,2,C133,491
S3,0.2,2,C134,498
S3,0.2,2,C135,190
S3,0.2,2,C136,197
S3,0.2,2,C137,204
S3,0.2,2,C138,211
S3,0.2,2,C139,218
S3,0.2,2,C140,225
S3,0.2,3,C001,215
S3,0.2,3,C002,222
S3,0.2,3,C003,229
S3,0.2,3,C004,236
S3,0.2,3,C005,243
S3,0.2,3,C006,250
S3,0.2,3,C007,257
S3,0.2,3,C008,264
S3,0.2,3,C009,271
S3,0.2,3,C010,278
S3,0.2,3,C011,285
S3,0.2,3,C012,292
S3,0.2,3,C013,299
S3,0.2,3,C014,306
S3,0.2,3,C015,313
S3,0.2,3,C016,320
S3,0.2,3,C017,327
S3,0.2,3,C018,334
S3,0.2,3,C019,341
S3,0.2,3,C020,348
S3,0.2,3,C021,355
S3,0.2,3,C022,362
S3,0.2,3,C023,369
S3,0.2,3,C024,376
S3,0.2,3,C025,383
S3,0.2,3,C026,390
S3,0.2,3,C027,397
S3,0.2,3,C028,404
S3,0.2,3,C029,411
S3,0.2,3,C030,418
S3,0.2,3,C031,425
S3,0.2,3,C032,432
S3,0.2,3,C033,439
S3,0.2,3,C034,446
S3,0.2,3,C035,453
S3,0.2,3,C036,460
S3,0.2,3,C037,467
S3,0.2,3,C038,474
S3,0.2,3,C039,481
S3,0.2,3,C040,488
S3,0.2,3,C041,495
S3,0.2,3,C042,502
S3,0.2,3,C043,509
S3,0.2,3,C044,516
S3,0.2,3,C045,208
S3,0.2,3,C046,215
S3,0.2,3,C047,222
S3,0.2,3,C048,229
S3,0.2,3,C049,236
S3,0.2,3,C050,243
S3,0.2,3,C051,250
S3,0.2,3,C052,257
S3,0.2,3,C053,264
S3,0.2,3,C054,271
S3,0.2,3,C055,278
S3,0.2,3,C056,285
S3,0.2,3,C057,292
S3,0.2,3,C058,299
S3,0.2,3,C059,306
S3,0.2,3,C060,313
S3,0.2,3,C061,320
S3,0.2,3,C062,327
S3,0.2,3,C063,334
S3,0.2,3,C064,341
S3,0.2,3,C065,348
S3,0.2,3,C066,355
S3,0.2,3,C067,362
S3,0.2,3,C068,369
S3,0.2,3,C069,376
S3,0.2,3,C070,383
S3,0.2,3,C071,390
S3,0.2,3,C072,397
S3,0.2,3,C073,404
S3,0.2,3,C074,411
S3,0.2,3,C075,418
S3,0.2,3,C076,425
S3,0.2,3,C077,432
S3,0.2,3,C078,439
S3,0.2,3,C079,446
S3,0.2,3,C080,453
S3,0.2,3,C081,460
S3,0.2,3,C082,467
S3,0.2,3,C083,474
S3,0.2,3,C084,481
S3,0.2,3,C085,488
S3,0.2,3,C086,495
S3,0.2,3,C087,502
S3,0.2,3,C088,509
S3,0.2,3,C089,516
S3,0.2,3,C090,208
S3,0.2,3,C091,215
S3,0.2,3,C092,222
S3,0.2,3,C093,229
S3,0.2,3,C094,236
S3,0.2,3,C095,243
S3,0.2,3,C096,250
S3,0.2,3,C097,257
S3,0.2,3,C098,264
S3,0.2,3,C099,271
S3,0.2,3,C100,278
S3,0.2,3,C101,285
S3,0.2,3,C102,292
S3,0.2,3,C103,299
S3,0.2,3,C104,306
S3,0.2,3,C105,313
S3,0.2,3,C106,320
S3,0.2,3,C107,327
S3,0.2,3,C108,334
S3,0.2,3,C109,341
S3,0.2,3,C110,348
S3,0.2,3,C111,355
S3,0.2,3,C112,362
S3,0.2,3,C113,369
S3,0.2,3,C114,376
S3,0.2,3,C115,383
S3,0.2,3,C116,390
S3,0.2,3,C117,397
S3,0.2,3,C118,404
S3,0.2,3,C119,411
S3,0.2,3,C120,418
S3,0.2,3,C121,425
S3,0.2,3,C122,432
S3,0.2,3,C123,439
S3,0.2,3,C124,446
S3,0.2,3,C125,453
S3,0.2,3,C126,460
S3,0.2,3,C127,467
S3,0.2,3,C128,474
S3,0.2,3,C129,481
S3,0.2,3,C130,488
S3,0.2,3,C131,495
S3,0.2,3,C132,502
S3,0.2,3,C133,509
S3,0.2,3,C134,516
S3,0.2,3,C135,208
S3,0.2,3,C136,215
S3,0.2,3,C137,222
S3,0.2,3,C138,229
S3,0.2,3,C139,236
S3,0.2,3,C140,243
S4,0.2,1,C001,195
S4,0.2,1,C002,202
S4,0.2,1,C003,209
S4,0.2,1,C004,216
S4,0.2,1,C005,223
S4,0.2,1,C006,230
S4,0.2,1,C007,237
S4,0.2,1,C008,244
S4,0.2,1,C009,251
S4,0.2,1,C010,258
S4,0.2,1,C011,265
S4,0.2,1,C012,272
S4,0.2,1,C013,279
S4,0.2,1,C014,286
S4,0.2,1,C015,293
S4,0.2,1,C016,300
S4,0.2,1,C017,307
S4,0.2,1,C018,314
S4,0.2,1,C019,321
S4,0.2,1,C020,328
S4,0.2,1,C021,335
S4,0.2,1,C022,342
S4,0.2,1,C023,349
S4,0.2,1,C024,356
S4,0.2,1,C025,363
S4,0.2,1,C026,370
S4,0.2,1,C027,377
S4,0.2,1,C028,384
S4,0.2,1,C029,391
S4,0.2,1,C030,398
S4,0.2,1,C031,405
S4,0.2,1,C032,412
S4,0.2,1,C033,419
S4,0.2,1,C034,426
S4,0.2,1,C035,433
S4,0.2,1,C036,440
S4,0.2,1,C037,447
S4,0.2,1,C038,454
S4,0.2,1,C039,461
S4,0.2,1,C040,468
S4,0.2,1,C041,475
S4,0.2,1,C042,482
S4,0.2,1,C043,489
S4,0.2,1,C044,496
S4,0.2,1,C045,188
S4,0.2,1,C046,195
S4,0.2,1,C047,202
S4,0.2,1,C048,209
S4,0.2,1,C049,216
S4,0.2,1,C050,223
S4,0.2,1,C051,230
S4,0.2,1,C052,237
S4,0.2,1,C053,244
S4,0.2,1,C054,251
S4,0.2,1,C055,258
S4,0.2,1,C056,265
S4,0.2,1,C057,272
S4,0.2,1,C058,279
S4,0.2,1,C059,286
S4,0.2,1,C060,293
S4,0.2,1,C061,300
S4,0.2,1,C062,307
S4,0.2,1,C063,314
S4,0.2,1,C064,321
S4,0.2,1,C065,328
S4,0.2,1,C066,335
S4,0.2,1,C067,342
S4,0.2,1,C068,349
S4,0.2,1,C069,356
S4,0.2,1,C070,363
S4,0.2,1,C071,370
S4,0.2,1,C072,377
S4,0.2,1,C073,384
S4,0.2,1,C074,391
S4,0.2,1,C075,398
S4,0.2,1,C076,405
S4,0.2,1,C077,412
S4,0.2,1,C078,419
S4,0.2,1,C079,426
S4,0.2,1,C080,433
S4,0.2,1,C081,440
S4,0.2,1,C082,447
S4,0.2,1,C083,454
S4,0.2,1,C084,461
S4,0.2,1,C085,468
S4,0.2,1,C086,475
S4,0.2,1,C087,482
S4,0.2,1,C088,489
S4,0.2,1,C089,496
S4,0.2,1,C090,188
S4,0.2,1,C091,195
S4,0.2,1,C092,202
S4,0.2,1,C093,209
S4,0.2,1,C094,216
S4,0.2,1,C095,223
S4,0.2,1,C096,230
S4,0.2,1,C097,237
S4,0.2,1,C098,244
S4,0.2,1,C099,251
S4,0.2,1,C100,258
S4,0.2,1,C101,265
S4,0.2,1,C102,272
S4,0.2,1,C103,279
S4,0.2,1,C104,286
S4,0.2,1,C105,293
S4,0.2,1,C106,300
S4,0.2,1,C107,307
S4,0.2,1,C108,314
S4,0.2,1,C109,321
S4,0.2,1,C110,328
S4,0.2,1,C111,335
S4,0.2,1,C112,342
S4,0.2,1,C113,349
S4,0.2,1,C114,356
S4,0.2,1,C115,363
S4,0.2,1,C116,370
S4,0.2,1,C117,377
S4,0.2,1,C118,384
S4,0.2,1,C119,391
S4,0.2,1,C120,398
S4,0.2,1,C121,405
S4,0.2,1,C122,412
S4,0.2,1,C123,419
S4,0.2,1,C124,426
S4,0.2,1,C125,433
S4,0.2,1,C126,440
S4,0.2,1,C127,447
S4,0.2,1,C128,454
S4,0.2,1,C129,461
S4,0.2,1,C130,468
S4,0.2,1,C131,475
S4,0.2,1,C132,482
S4,0.2,1,C133,489
S4,0.2,1,C134,496
S4,0.2,1,C135,188
S4,0.2,1,C136,195
S4,0.2,1,C137,202
S4,0.2,1,C138,209
S4,0.2,1,C139,216
S4,0.2,1,C140,223
S4,0.2,2,C001,213
S4,0.2,2,C002,220
S4,0.2,2,C003,227
S4,0.2,2,C004,234
S4,0.2,2,C005,241
S4,0.2,2,C006,248
S4,0.2,2,C007,255
S4,0.2,2,C008,262
S4,0.2,2,C009,269
S4,0.2,2,C010,276
S4,0.2,2,C011,283
S4,0.2,2,C012,290
S4,0.2,2,C013,297
S4,0.2,2,C014,304
S4,0.2,2,C015,311
S4,0.2,2,C016,318
S4,0.2,2,C017,325
S4,0.2,2,C018,332
S4,0.2,2,C019,339
S4,0.2,2,C020,346
S4,0.2,2,C021,353
S4,0.2,2,C022,360
S4,0.2,2,C023,367
S4,0.2,2,C024,374
S4,0.2,2,C025,381
S4,0.2,2,C026,388
S4,0.2,2,C027,395
S4,0.2,2,C028,402
S4,0.2,2,C029,409
S4,0.2,2,C030,416
S4,0.2,2,C031,423
S4,0.2,2,C032,430
S4,0.2,2,C033,437
S4,0.2,2,C034,444
S4,0.2,2,C035,451
S4,0.2,2,C036,458
S4,0.2,2,C037,465
S4,0.2,2,C038,472
S4,0.2,2,C039,479
S4,0.2,2,C040,486
S4,0.2,2,C041,493
S4,0.2,2,C042,500
S4,0.2,2,C043,507
S4,0.2,2,C044,514
S4,0.2,2,C045,206
S4,0.2,2,C046,213
S4,0.2,2,C047,220
S4,0.2,2,C048,227
S4,0.2,2,C049,234
S4,0.2,2,C050,241
S4,0.2,2,C051,248
S4,0.2,2,C052,255
S4,0.2,2,C053,262
S4,0.2,2,C054,269
S4,0.2,2,C055,276
S4,0.2,2,C056,283
S4,0.2,2,C057,290
S4,0.2,2,C058,297
S4,0.2,2,C059,304
S4,0.2,2,C060,311
S4,0.2,2,C061,318
S4,0.2,2,C062,325
S4,0.2,2,C063,332
S4,0.2,2,C064,339
S4,0.2,2,C065,346
S4,0.2,2,C066,353
S4,0.2,2,C067,360
S4,0.2,2,C068,367
S4,0.2,2,C069,374
S4,0.2,2,C070,381
S4,0.2,2,C071,388
S4,0.2,2,C072,395
S4,0.2,2,C073,402
S4,0.2,2,C074,409
S4,0.2,2,C075,416
S4,0.2,2,C076,423
S4,0.2,2,C077,430
S4,0.2,2,C078,437
S4,0.2,2,C079,444
S4,0.2,2,C080,451
S4,0.2,2,C081,458
S4,0.2,2,C082,465
S4,0.2,2,C083,472
S4,0.2,2,C084,479
S4,0.2,2,C085,486
S4,0.2,2,C086,493
S4,0.2,2,C087,500
S4,0.2,2,C088,507
S4,0.2,2,C089,514
S4,0.2,2,C090,206
S4,0.2,2,C091,213
S4,0.2,2,C092,220
S4,0.2,2,C093,227
S4,0.2,2,C094,234
S4,0.2,2,C095,241
S4,0.2,2,C096,248
S4,0.2,2,C097,255
S4,0.2,2,C098,262
S4,0.2,2,C099,269
S4,0.2,2,C100,276
S4,0.2,2,C101,283
S4,0.2,2,C102,290
S4,0.2,2,C103,297
S4,0.2,2,C104,304
S4,0.2,2,C105,311
S4,0.2,2,C106,318
S4,0.2,2,C107,325
S4,0.2,2,C108,332
S4,0.2,2,C109,339
S4,0.2,2,C110,346
S4,0.2,2,C111,353
S4,0.2,2,C112,360
S4,0.2,2,C113,367
S4,0.2,2,C114,374
S4,0.2,2,C115,381
S4,0.2,2,C116,388
S4,0.2,2,C117,395
S4,0.2,2,C118,402
S4,0.2,2,C119,409
S4,0.2,2,C120,416
S4,0.2,2,C121,423
S4,0.2,2,C122,430
S4,0.2,2,C123,437
S4,0.2,2,C124,444
S4,0.2,2,C125,451
S4,0.2,2,C126,458
S4,0.2,2,C127,465
S4,0.2,2,C128,472
S4,0.2,2,C129,479
S4,0.2,2,C130,486
S4,0.2,2,C131,493
S4,0.2,2,C132,500
S4,0.2,2,C133,507
S4,0.2,2,C134,514
S4,0.2,2,C135,206
S4,0.2,2,C136,213
S4,0.2,2,C137,220
S4,0.2,2,C138,227
S4,0.2,2,C139,234
S4,0.2,2,C140,241
S4,0.2,3,C001,231
S4,0.2,3,C002,238
S4,0.2,3,C003,245
S4,0.2,3,C004,252
S4,0.2,3,C005,259
S4,0.2,3,C006,266
S4,0.2,3,C007,273
S4,0.2,3,C008,280
S4,0.2,3,C009,287
S4,0.2,3,C010,294
S4,0.2,3,C011,301
S4,0.2,3,C012,308
S4,0.2,3,C013,315
S4,0.2,3,C014,322
S4,0.2,3,C015,329
S4,0.2,3,C016,336
S4,0.2,3,C017,343
S4,0.2,3,C018,350
S4,0.2,3,C019,357
S4,0.2,3,C020,364
S4,0.2,3,C021,371
S4,0.2,3,C022,378
S4,0.2,3,C023,385
S4,0.2,3,C024,392
S4,0.2,3,C025,399
S4,0.2,3,C026,406
S4,0.2,3,C027,413
S4,0.2,3,C028,420
S4,0.2,3,C029,427
S4,0.2,3,C030,434
S4,0.2,3,C031,441
S4,0.2,3,C032,448
S4,0.2,3,C033,455
S4,0.2,3,C034,462
S4,0.2,3,C035,469
S4,0.2,3,C036,476
S4,0.2,3,C037,483
S4,0.2,3,C038,490
S4,0.2,3,C039,497
S4,0.2,3,C040,504
S4,0.2,3,C041,511
S4,0.2,3,C042,518
S4,0.2,3,C043,525
S4,0.2,3,C044,532
S4,0.2,3,C045,224
S4,0.2,3,C046,231
S4,0.2,3,C047,238
S4,0.2,3,C048,245
S4,0.2,3,C049,252
S4,0.2,3,C050,259
S4,0.2,3,C051,266
S4,0.2,3,C052,273
S4,0.2,3,C053,280
S4,0.2,3,C054,287
S4,0.2,3,C055,294
S4,0.2,3,C056,301
S4,0.2,3,C057,308
S4,0.2,3,C058,315
S4,0.2,3,C059,322
S4,0.2,3,C060,329
S4,0.2,3,C061,336
S4,0.2,3,C062,343
S4,0.2,3,C063,350
S4,0.2,3,C064,357
S4,0.2,3,C065,364
S4,0.2,3,C066,371
S4,0.2,3,C067,378
S4,0.2,3,C068,385
S4,0.2,3,C069,392
S4,0.2,3,C070,399
S4,0.2,3,C071,406
S4,0.2,3,C072,413
S4,0.2,3,C073,420
S4,0.2,3,C074,427
S4,0.2,3,C075,434
S4,0.2,3,C076,441
S4,0.2,3,C077,448
S4,0.2,3,C078,455
S4,0.2,3,C079,462
S4,0.2,3,C080,469
S4,0.2,3,C081,476
S4,0.2,3,C082,483
S4,0.2,3,C083,490
S4,0.2,3,C084,497
S4,0.2,3,C085,504
S4,0.2,3,C086,511
S4,0.2,3,C087,518
S4,0.2,3,C088,525
S4,0.2,3,C089,532
S4,0.2,3,C090,224
S4,0.2,3,C091,231
S4,0.2,3,C092,238
S4,0.2,3,C093,245
S4,0.2,3,C094,252
S4,0.2,3,C095,259
S4,0.2,3,C096,266
S4,0.2,3,C097,273
S4,0.2,3,C098,280
S4,0.2,3,C099,287
S4,0.2,3,C100,294
S4,0.2,3,C101,301
S4,0.2,3,C102,308
S4,0.2,3,C103,315
S4,0.2,3,C104,322
S4,0.2,3,C105,329
S4,0.2,3,C106,336
S4,0.2,3,C107,343
S4,0.2,3,C108,350
S4,0.2,3,C109,357
S4,0.2,3,C110,364
S4,0.2,3,C111,371
S4,0.2,3,C112,378
S4,0.2,3,C113,385
S4,0.2,3,C114,392
S4,0.2,3,C115,399
S4,0.2,3,C116,406
S4,0.2,3,C117,413
S4,0.2,3,C118,420
S4,0.2,3,C119,427
S4,0.2,3,C120,434
S4,0.2,3,C121,441
S4,0.2,3,C122,448
S4,0.2,3,C123,455
S4,0.2,3,C124,462
S4,0.2,3,C125,469
S4,0.2,3,C126,476
S4,0.2,3,C127,483
S4,0.2,3,C128,490
S4,0.2,3,C129,497
S4,0.2,3,C130,504
S4,0.2,3,C131,511
S4,0.2,3,C132,518
S4,0.2,3,C133,525
S4,0.2,3,C134,532
S4,0.2,3,C135,224
S4,0.2,3,C136,231
S4,0.2,3,C137,238
S4,0.2,3,C138,245
S4,0.2,3,C139,252
S4,0.2,3,C140,259
S5,0.2,1,C001,211
S5,0.2,1,C002,218
S5,0.2,1,C003,225
S5,0.2,1,C004,232
S5,0.2,1,C005,239
S5,0.2,1,C006,246
S5,0.2,1,C007,253
S5,0.2,1,C008,260
S5,0.2,1,C009,267
S5,0.2,1,C010,274
S5,0.2,1,C011,281
S5,0.2,1,C012,288
S5,0.2,1,C013,295
S5,0.2,1,C014,302
S5,0.2,1,C015,309
S5,0.2,1,C016,316
S5,0.2,1,C017,323
S5,0.2,1,C018,330
S5,0.2,1,C019,337
S5,0.2,1,C020,344
S5,0.2,1,C021,351
S5,0.2,1,C022,358
S5,0.2,1,C023,365
S5,0.2,1,C024,372
S5,0.2,1,C025,379
S5,0.2,1,C026,386
S5,0.2,1,C027,393
S5,0.2,1,C028,400
S5,0.2,1,C029,407
S5,0.2,1,C030,414
S5,0.2,1,C031,421
S5,0.2,1,C032,428
S5,0.2,1,C033,435
S5,0.2,1,C034,442
S5,0.2,1,C035,449
S5,0.2,1,C036,456
S5,0.2,1,C037,463
S5,0.2,1,C038,470
S5,0.2,1,C039,477
S5,0.2,1,C040,484
S5,0.2,1,C041,491
S5,0.2,1,C042,498
S5,0.2,1,C043,505
S5,0.2,1,C044,512
S5,0.2,1,C045,204
S5,0.2,1,C046,211
S5,0.2,1,C047,218
S5,0.2,1,C048,225
S5,0.2,1,C049,232
S5,0.2,1,C050,239
S5,0.2,1,C051,246
S5,0.2,1,C052,253
S5,0.2,1,C053,260
S5,0.2,1,C054,267
S5,0.2,1,C055,274
S5,0.2,1,C056,281
S5,0.2,1,C057,288
S5,0.2,1,C058,295
S5,0.2,1,C059,302
S5,0.2,1,C060,309
S5,0.2,1,C061,316
S5,0.2,1,C062,323
S5,0.2,1,C063,330
S5,0.2,1,C064,337
S5,0.2,1,C065,344
S5,0.2,1,C066,351
S5,0.2,1,C067,358
S5,0.2,1,C068,365
S5,0.2,1,C069,372
S5,0.2,1,C070,379
S5,0.2,1,C071,386
S5,0.2,1,C072,393
S5,0.2,1,C073,400
S5,0.2,1,C074,407
S5,0.2,1,C075,414
S5,0.2,1,C076,421
S5,0.2,1,C077,428
S5,0.2,1,C078,435
S5,0.2,1,C079,442
S5,0.2,1,C080,449
S5,0.2,1,C081,456
S5,0.2,1,C082,463
S5,0.2,1,C083,470
S5,0.2,1,C084,477
S5,0.2,1,C085,484
S5,0.2,1,C086,491
S5,0.2,1,C087,498
S5,0.2,1,C088,505
S5,0.2,1,C089,512
S5,0.2,1,C090,204
S5,0.2,1,C091,211
S5,0.2,1,C092,218
S5,0.2,1,C093,225
S5,0.2,1,C094,232
S5,0.2,1,C095,239
S5,0.2,1,C096,246
S5,0.2,1,C097,253
S5,0.2,1,C098,260
S5,0.2,1,C099,267
S5,0.2,1,C100,274
S5,0.2,1,C101,281
S5,0.2,1,C102,288
S5,0.2,1,C103,295
S5,0.2,1,C104,302
S5,0.2,1,C105,309
S5,0.2,1,C106,316
S5,0.2,1,C107,323
S5,0.2,1,C108,330
S5,0.2,1,C109,337
S5,0.2,1,C110,344
S5,0.2,1,C111,351
S5,0.2,1,C112,358
S5,0.2,1,C113,365
S5,0.2,1,C114,372
S5,0.2,1,C115,379
S5,0.2,1,C116,386
S5,0.2,1,C117,393
S5,0.2,1,C118,400
S5,0.2,1,C119,407
S5,0.2,1,C120,414
S5,0.2,1,C121,421
S5,0.2,1,C122,428
S5,0.2,1,C123,435
S5,0.2,1,C124,442
S5,0.2,1,C125,449
S5,0.2,1,C126,456
S5,0.2,1,C127,463
S5,0.2,1,C128,470
S5,0.2,1,C129,477
S5,0.2,1,C130,484
S5,0.2,1,C131,491
S5,0.2,1,C132,498
S5,0.2,1,C133,505
S5,0.2,1,C134,512
S5,0.2,1,C135,204
S5,0.2,1,C136,211
S5,0.2,1,C137,218
S5,0.2,1,C138,225
S5,0.2,1,C139,232
S5,0.2,1,C140,239
S5,0.2,2,C001,229
S5,0.2,2,C002,236
S5,0.2,2,C003,243
S5,0.2,2,C004,250
S5,0.2,2,C005,257
S5,0.2,2,C006,264
S5,0.2,2,C007,271
S5,0.2,2,C008,278
S5,0.2,2,C009,285
S5,0.2,2,C010,292
S5,0.2,2,C011,299
S5,0.2,2,C012,306
S5,0.2,2,C013,313
S5,0.2,2,C014,320
S5,0.2,2,C015,327
S5,0.2,2,C016,334
S5,0.2,2,C017,341
S5,0.2,2,C018,348
S5,0.2,2,C019,355
S5,0.2,2,C020,362
S5,0.2,2,C021,369
S5,0.2,2,C022,376
S5,0.2,2,C023,383
S5,0.2,2,C024,390
S5,0.2,2,C025,397
S5,0.2,2,C026,404
S5,0.2,2,C027,411
S5,0.2,2,C028,418
S5,0.2,2,C029,425
S5,0.2,2,C030,432
S5,0.2,2,C031,439
S5,0.2,2,C032,446
S5,0.2,2,C033,453
S5,0.2,2,C034,460
S5,0.2,2,C035,467
S5,0.2,2,C036,474
S5,0.2,2,C037,481
S5,0.2,2,C038,488
S5,0.2,2,C039,495
S5,0.2,2,C040,502
S5,0.2,2,C041,509
S5,0.2,2,C042,516
S5,0.2,2,C043,523
S5,0.2,2,C044,530
S5,0.2,2,C045,222
S5,0.2,2,C046,229
S5,0.2,2,C047,236
S5,0.2,2,C048,243
S5,0.2,2,C049,250
S5,0.2,2,C050,257
S5,0.2,2,C051,264
S5,0.2,2,C052,271
S5,0.2,2,C053,278
S5,0.2,2,C054,285
S5,0.2,2,C055,292
S5,0.2,2,C056,299
S5,0.2,2,C057,306
S5,0.2,2,C058,313
S5,0.2,2,C059,320
S5,0.2,2,C060,327
S5,0.2,2,C061,334
S5,0.2,2,C062,341
S5,0.2,2,C063,348
S5,0.2,2,C064,355
S5,0.2,2,C065,362
S5,0.2,2,C066,369
S5,0.2,2,C067,376
S5,0.2,2,C068,383
S5,0.2,2,C069,390
S5,0.2,2,C070,397
S5,0.2,2,C071,404
S5,0.2,2,C072,411
S5,0.2,2,C073,418
S5,0.2,2,C074,425
S5,0.2,2,C075,432
S5,0.2,2,C076,439
S5,0.2,2,C077,446
S5,0.2,2,C078,453
S5,0.2,2,C079,460
S5,0.2,2,C080,467
S5,0.2,2,C081,474
S5,0.2,2,C082,481
S5,0.2,2,C083,488
S5,0.2,2,C084,495
S5,0.2,2,C085,502
S5,0.2,2,C086,509
S5,0.2,2,C087,516
S5,0.2,2,C088,523
S5,0.2,2,C089,530
S5,0.2,2,C090,222
S5,0.2,2,C091,229
S5,0.2,2,C092,236
S5,0.2,2,C093,243
S5,0.2,2,C094,250
S5,0.2,2,C095,257
S5,0.2,2,C096,264
S5,0.2,2,C097,271
S5,0.2,2,C098,278
S5,0.2,2,C099,285
S5,0.2,2,C100,292
S5,0.2,2,C101,299
S5,0.2,2,C102,306
S5,0.2,2,C103,313
S5,0.2,2,C104,320
S5,0.2,2,C105,327
S5,0.2,2,C106,334
S5,0.2,2,C107,341
S5,0.2,2,C108,348
S5,0.2,2,C109,355
S5,0.2,2,C110,362
S5,0.2,2,C111,369
S5,0.2,2,C112,376
S5,0.2,2,C113,383
S5,0.2,2,C114,390
S5,0.2,2,C115,397
S5,0.2,2,C116,404
S5,0.2,2,C117,411
S5,0.2,2,C118,418
S5,0.2,2,C119,425
S5,0.2,2,C120,432
S5,0.2,2,C121,439
S5,0.2,2,C122,446
S5,0.2,2,C123,453
S5,0.2,2,C124,460
S5,0.2,2,C125,467
S5,0.2,2,C126,474
S5,0.2,2,C127,481
S5,0.2,2,C128,488
S5,0.2,2,C129,495
S5,0.2,2,C130,502
S5,0.2,2,C131,509
S5,0.2,2,C132,516
S5,0.2,2,C133,523
S5,0.2,2,C134,530
S5,0.2,2,C135,222
S5,0.2,2,C136,229
S5,0.2,2,C137,236
S5,0.2,2,C138,243
S5,0.2,2,C139,250
S5,0.2,2,C140,257
S5,0.2,3,C001,247
S5,0.2,3,C002,254
S5,0.2,3,C003,261
S5,0.2,3,C004,268
S5,0.2,3,C005,275
S5,0.2,3,C006,282
S5,0.2,3,C007,289
S5,0.2,3,C008,296
S5,0.2,3,C009,303
S5,0.2,3,C010,310
S5,0.2,3,C011,317
S5,0.2,3,C012,324
S5,0.2,3,C013,331
S5,0.2,3,C014,338
S5,0.2,3,C015,345
S5,0.2,3,C016,352
S5,0.2,3,C017,359
S5,0.2,3,C018,366
S5,0.2,3,C019,373
S5,0.2,3,C020,380
S5,0.2,3,C021,387
S5,0.2,3,C022,394
S5,0.2,3,C023,401
S5,0.2,3,C024,408
S5,0.2,3,C025,415
S5,0.2,3,C026,422
S5,0.2,3,C027,429
S5,0.2,3,C028,436
S5,0.2,3,C029,443
S5,0.2,3,C030,450
S5,0.2,3,C031,457
S5,0.2,3,C032,464
S5,0.2,3,C033,471
S5,0.2,3,C034,478
S5,0.2,3,C035,485
S5,0.2,3,C036,492
S5,0.2,3,C037,499
S5,0.2,3,C038,506
S5,0.2,3,C039,513
S5,0.2,3,C040,520
S5,0.2,3,C041,527
S5,0.2,3,C042,534
S5,0.2,3,C043,541
S5,0.2,3,C044,548
S5,0.2,3,C045,240
S5,0.2,3,C046,247
S5,0.2,3,C047,254
S5,0.2,3,C048,261
S5,0.2,3,C049,268
S5,0.2,3,C050,275
S5,0.2,3,C051,282
S5,0.2,3,C052,289
S5,0.2,3,C053,296
S5,0.2,3,C054,303
S5,0.2,3,C055,310
S5,0.2,3,C056,317
S5,0.2,3,C057,324
S5,0.2,3,C058,331
S5,0.2,3,C059,338
S5,0.2,3,C060,345
S5,0.2,3,C061,352
S5,0.2,3,C062,359
S5,0.2,3,C063,366
S5,0.2,3,C064,373
S5,0.2,3,C065,380
S5,0.2,3,C066,387
S5,0.2,3,C067,394
S5,0.2,3,C068,401
S5,0.2,3,C069,408
S5,0.2,3,C070,415
S5,0.2,3,C071,422
S5,0.2,3,C072,429
S5,0.2,3,C073,436
S5,0.2,3,C074,443
S5,0.2,3,C075,450
S5,0.2,3,C076,457
S5,0.2,3,C077,464
S5,0.2,3,C078,471
S5,0.2,3,C079,478
S5,0.2,3,C080,485
S5,0.2,3,C081,492
S5,0.2,3,C082,499
S5,0.2,3,C083,506
S5,0.2,3,C084,513
S5,0.2,3,C085,520
S5,0.2,3,C086,527
S5,0.2,3,C087,534
S5,0.2,3,C088,541
S5,0.2,3,C089,548
S5,0.2,3,C090,240
S5,0.2,3,C091,247
S5,0.2,3,C092,254
S5,0.2,3,C093,261
S5,0.2,3,C094,268
S5,0.2,3,C095,275
S5,0.2,3,C096,282
S5,0.2,3,C097,289
S5,0.2,3,C098,296
S5,0.2,3,C099,303
S5,0.2,3,C100,310
S5,0.2,3,C101,317
S5,0.2,3,C102,324
S5,0.2,3,C103,331
S5,0.2,3,C104,338
S5,0.2,3,C105,345
S5,0.2,3,C106,352
S5,0.2,3,C107,359
S5,0.2,3,C108,366
S5,0.2,3,C109,373
S5,0.2,3,C110,380
S5,0.2,3,C111,387
S5,0.2,3,C112,394
S5,0.2,3,C113,401
S5,0.2,3,C114,408
S5,0.2,3,C115,415
S5,0.2,3,C116,422
S5,0.2,3,C117,429
S5,0.2,3,C118,436
S5,0.2,3,C119,443
S5,0.2,3,C120,450
S5,0.2,3,C121,457
S5,0.2,3,C122,464
S5,0.2,3,C123,471
S5,0.2,3,C124,478
S5,0.2,3,C125,485
S5,0.2,3,C126,492
S5,0.2,3,C127,499
S5,0.2,3,C128,506
S5,0.2,3,C129,513
S5,0.2,3,C130,520
S5,0.2,3,C131,527
S5,0.2,3,C132,534
S5,0.2,3,C133,541
S5,0.2,3,C134,548
S5,0.2,3,C135,240
S5,0.2,3,C136,247
S5,0.2,3,C137,254
S5,0.2,3,C138,261
S5,0.2,3,C139,268
S5,0.2,3,C140,275
