locker_id,zone_id,transport_cost_per_parcel,travel_minutes
L001,Z001,1.77,20
L001,Z002,2.04,25
L001,Z003,2.31,30
L001,Z004,2.58,35
L001,Z005,2.85,40
L001,Z006,1.14,45
L001,Z007,1.41,12
L001,Z008,1.68,17
L001,Z009,1.95,22
L001,Z010,2.22,27
L001,Z011,2.49,32
L001,Z012,2.76,37
L001,Z013,1.05,42
L001,Z014,1.32,9
L001,Z015,1.59,14
L001,Z016,1.86,19
L001,Z017,2.13,24
L001,Z018,2.4,29
L001,Z019,2.67,34
L001,Z020,2.94,39
L001,Z021,1.23,44
L001,Z022,1.5,11
L001,Z023,1.77,16
L001,Z024,2.04,21
L001,Z025,2.31,26
L001,Z026,2.58,31
L001,Z027,2.85,36
L001,Z028,1.14,41
L001,Z029,1.41,8
L001,Z030,1.68,13
L001,Z031,1.95,18
L001,Z032,2.22,23
L001,Z033,2.49,28
L001,Z034,2.76,33
L001,Z035,1.05,38
L001,Z036,1.32,43
L001,Z037,1.59,10
L001,Z038,1.86,15
L001,Z039,2.13,20
L001,Z040,2.4,25
L001,Z041,2.67,30
L001,Z042,2.94,35
L001,Z043,1.23,40
L001,Z044,1.5,45
L001,Z045,1.77,12
L001,Z046,2.04,17
L001,Z047,2.31,22
L001,Z048,2.58,27
L001,Z049,2.85,32
L001,Z050,1.14,37
L001,Z051,1.41,42
L001,Z052,1.68,9
L001,Z053,1.95,14
L001,Z054,2.22,19
L001,Z055,2.49,24
L001,Z056,2.76,29
L001,Z057,1.05,34
L001,Z058,1.32,39
L001,Z059,1.59,44
L001,Z060,1.86,11
L001,Z061,2.13,16
L001,Z062,2.4,21
L001,Z063,2.67,26
L001,Z064,2.94,31
L001,Z065,1.23,36
L001,Z066,1.5,41
L001,Z067,1.77,8
L001,Z068,2.04,13
L001,Z069,2.31,18
L001,Z070,2.58,23
L001,Z071,2.85,28
L001,Z072,1.14,33
L001,Z073,1.41,38
L001,Z074,1.68,43
L001,Z075,1.95,10
L001,Z076,2.22,15
L001,Z077,2.49,20
L001,Z078,2.76,25
L001,Z079,1.05,30
L001,Z080,1.32,35
L001,Z081,1.59,40
L001,Z082,1.86,45
L001,Z083,2.13,12
L001,Z084,2.4,17
L001,Z085,2.67,22
L001,Z086,2.94,27
L001,Z087,1.23,32
L001,Z088,1.5,37
L001,Z089,1.77,42
L001,Z090,2.04,9
L001,Z091,2.31,14
L001,Z092,2.58,19
L001,Z093,2.85,24
L001,Z094,1.14,29
L001,Z095,1.41,34
L001,Z096,1.68,39
L001,Z097,1.95,44
L001,Z098,2.22,11
L001,Z099,2.49,16
L001,Z100,2.76,21
L001,Z101,1.05,26
L001,Z102,1.32,31
L001,Z103,1.59,36
L001,Z104,1.86,41
L001,Z105,2.13,8
L001,Z106,2.4,13
L001,Z107,2.67,18
L001,Z108,2.94,23
L001,Z109,1.23,28
L001,Z110,1.5,33
L001,Z111,1.77,38
L001,Z112,2.04,43
L001,Z113,2.31,10
L001,Z114,2.58,15
L001,Z115,2.85,20
L001,Z116,1.14,25
L001,Z117,1.41,30
L001,Z118,1.68,35
L001,Z119,1.95,40
L001,Z120,2.22,45
L002,Z001,2.22,27
L002,Z002,2.49,32
L002,Z003,2.76,37
L002,Z004,1.05,42
L002,Z005,1.32,9
L002,Z006,1.59,14
L002,Z007,1.86,19
L002,Z008,2.13,24
L002,Z009,2.4,29
L002,Z010,2.67,34
L002,Z011,2.94,39
L002,Z012,1.23,44
L002,Z013,1.5,11
L002,Z014,1.77,16
L002,Z015,2.04,21
L002,Z016,2.31,26
L002,Z017,2.58,31
L002,Z018,2.85,36
L002,Z019,1.14,41
L002,Z020,1.41,8
L002,Z021,1.68,13
L002,Z022,1.95,18
L002,Z023,2.22,23
L002,Z024,2.49,28
L002,Z025,2.76,33
L002,Z026,1.05,38
L002,Z027,1.32,43
L002,Z028,1.59,10
L002,Z029,1.86,15
L002,Z030,2.13,20
L002,Z031,2.4,25
L002,Z032,2.67,30
L002,Z033,2.94,35
L002,Z034,1.23,40
L002,Z035,1.5,45
L002,Z036,1.77,12
L002,Z037,2.04,17
L002,Z038,2.31,22
L002,Z039,2.58,27
L002,Z040,2.85,32
L002,Z041,1.14,37
L002,Z042,1.41,42
L002,Z043,1.68,9
L002,Z044,1.95,14
L002,Z045,2.22,19
L002,Z046,2.49,24
L002,Z047,2.76,29
L002,Z048,1.05,34
L002,Z049,1.32,39
L002,Z050,1.59,44
L002,Z051,1.86,11
L002,Z052,2.13,16
L002,Z053,2.4,21
L002,Z054,2.67,26
L002,Z055,2.94,31
L002,Z056,1.23,36
L002,Z057,1.5,41
L002,Z058,1.77,8
L002,Z059,2.04,13
L002,Z060,2.31,18
L002,Z061,2.58,23
L002,Z062,2.85,28
L002,Z063,1.14,33
L002,Z064,1.41,38
L002,Z065,1.68,43
L002,Z066,1.95,10
L002,Z067,2.22,15
L002,Z068,2.49,20
L002,Z069,2.76,25
L002,Z070,1.05,30
L002,Z071,1.32,35
L002,Z072,1.59,40
L002,Z073,1.86,45
L002,Z074,2.13,12
L002,Z075,2.4,17
L002,Z076,2.67,22
L002,Z077,2.94,27
L002,Z078,1.23,32
L002,Z079,1.5,37
L002,Z080,1.77,42
L002,Z081,2.04,9
L002,Z082,2.31,14
L002,Z083,2.58,19
L002,Z084,2.85,24
L002,Z085,1.14,29
L002,Z086,1.41,34
L002,Z087,1.68,39
L002,Z088,1.95,44
L002,Z089,2.22,11
L002,Z090,2.49,16
L002,Z091,2.76,21
L002,Z092,1.05,26
L002,Z093,1.32,31
L002,Z094,1.59,36
L002,Z095,1.86,41
L002,Z096,2.13,8
L002,Z097,2.4,13
L002,Z098,2.67,18
L002,Z099,2.94,23
L002,Z100,1.23,28
L002,Z101,1.5,33
L002,Z102,1.77,38
L002,Z103,2.04,43
L002,Z104,2.31,10
L002,Z105,2.58,15
L002,Z106,2.85,20
L002,Z107,1.14,25
L002,Z108,1.41,30
L002,Z109,1.68,35
L002,Z110,1.95,40
L002,Z111,2.22,45
L002,Z112,2.49,12
L002,Z113,2.76,17
L002,Z114,1.05,22
L002,Z115,1.32,27
L002,Z116,1.59,32
L002,Z117,1.86,37
L002,Z118,2.13,42
L002,Z119,2.4,9
L002,Z120,2.67,14
L003,Z001,2.67,34
L003,Z002,2.94,39
L003,Z003,1.23,44
L003,Z004,1.5,11
L003,Z005,1.77,16
L003,Z006,2.04,21
L003,Z007,2.31,26
L003,Z008,2.58,31
L003,Z009,2.85,36
L003,Z010,1.14,41
L003,Z011,1.41,8
L003,Z012,1.68,13
L003,Z013,1.95,18
L003,Z014,2.22,23
L003,Z015,2.49,28
L003,Z016,2.76,33
L003,Z017,1.05,38
L003,Z018,1.32,43
L003,Z019,1.59,10
L003,Z020,1.86,15
L003,Z021,2.13,20
L003,Z022,2.4,25
L003,Z023,2.67,30
L003,Z024,2.94,35
L003,Z025,1.23,40
L003,Z026,1.5,45
L003,Z027,1.77,12
L003,Z028,2.04,17
L003,Z029,2.31,22
L003,Z030,2.58,27
L003,Z031,2.85,32
L003,Z032,1.14,37
L003,Z033,1.41,42
L003,Z034,1.68,9
L003,Z035,1.95,14
L003,Z036,2.22,19
L003,Z037,2.49,24
L003,Z038,2.76,29
L003,Z039,1.05,34
L003,Z040,1.32,39
L003,Z041,1.59,44
L003,Z042,1.86,11
L003,Z043,2.13,16
L003,Z044,2.4,21
L003,Z045,2.67,26
L003,Z046,2.94,31
L003,Z047,1.23,36
L003,Z048,1.5,41
L003,Z049,1.77,8
L003,Z050,2.04,13
L003,Z051,2.31,18
L003,Z052,2.58,23
L003,Z053,2.85,28
L003,Z054,1.14,33
L003,Z055,1.41,38
L003,Z056,1.68,43
L003,Z057,1.95,10
L003,Z058,2.22,15
L003,Z059,2.49,20
L003,Z060,2.76,25
L003,Z061,1.05,30
L003,Z062,1.32,35
L003,Z063,1.59,40
L003,Z064,1.86,45
L003,Z065,2.13,12
L003,Z066,2.4,17
L003,Z067,2.67,22
L003,Z068,2.94,27
L003,Z069,1.23,32
L003,Z070,1.5,37
L003,Z071,1.77,42
L003,Z072,2.04,9
L003,Z073,2.31,14
L003,Z074,2.58,19
L003,Z075,2.85,24
L003,Z076,1.14,29
L003,Z077,1.41,34
L003,Z078,1.68,39
L003,Z079,1.95,44
L003,Z080,2.22,11
L003,Z081,2.49,16
L003,Z082,2.76,21
L003,Z083,1.05,26
L003,Z084,1.32,31
L003,Z085,1.59,36
L003,Z086,1.86,41
L003,Z087,2.13,8
L003,Z088,2.4,13
L003,Z089,2.67,18
L003,Z090,2.94,23
L003,Z091,1.23,28
L003,Z092,1.5,33
L003,Z093,1.77,38
L003,Z094,2.04,43
L003,Z095,2.31,10
L003,Z096,2.58,15
L003,Z097,2.85,20
L003,Z098,1.14,25
L003,Z099,1.41,30
L003,Z100,1.68,35
L003,Z101,1.95,40
L003,Z102,2.22,45
L003,Z103,2.49,12
L003,Z104,2.76,17
L003,Z105,1.05,22
L003,Z106,1.32,27
L003,Z107,1.59,32
L003,Z108,1.86,37
L003,Z109,2.13,42
L003,Z110,2.4,9
L003,Z111,2.67,14
L003,Z112,2.94,19
L003,Z113,1.23,24
L003,Z114,1.5,29
L003,Z115,1.77,34
L003,Z116,2.04,39
L003,Z117,2.31,44
L003,Z118,2.58,11
L003,Z119,2.85,16
L003,Z120,1.14,21
L004,Z001,1.14,41
L004,Z002,1.41,8
L004,Z003,1.68,13
L004,Z004,1.95,18
L004,Z005,2.22,23
L004,Z006,2.49,28
L004,Z007,2.76,33
L004,Z008,1.05,38
L004,Z009,1.32,43
L004,Z010,1.59,10
L004,Z011,1.86,15
L004,Z012,2.13,20
L004,Z013,2.4,25
L004,Z014,2.67,30
L004,Z015,2.94,35
L004,Z016,1.23,40
L004,Z017,1.5,45
L004,Z018,1.77,12
L004,Z019,2.04,17
L004,Z020,2.31,22
L004,Z021,2.58,27
L004,Z022,2.85,32
L004,Z023,1.14,37
L004,Z024,1.41,42
L004,Z025,1.68,9
L004,Z026,1.95,14
L004,Z027,2.22,19
L004,Z028,2.49,24
L004,Z029,2.76,29
L004,Z030,1.05,34
L004,Z031,1.32,39
L004,Z032,1.59,44
L004,Z033,1.86,11
L004,Z034,2.13,16
L004,Z035,2.4,21
L004,Z036,2.67,26
L004,Z037,2.94,31
L004,Z038,1.23,36
L004,Z039,1.5,41
L004,Z040,1.77,8
L004,Z041,2.04,13
L004,Z042,2.31,18
L004,Z043,2.58,23
L004,Z044,2.85,28
L004,Z045,1.14,33
L004,Z046,1.41,38
L004,Z047,1.68,43
L004,Z048,1.95,10
L004,Z049,2.22,15
L004,Z050,2.49,20
L004,Z051,2.76,25
L004,Z052,1.05,30
L004,Z053,1.32,35
L004,Z054,1.59,40
L004,Z055,1.86,45
L004,Z056,2.13,12
L004,Z057,2.4,17
L004,Z058,2.67,22
L004,Z059,2.94,27
L004,Z060,1.23,32
L004,Z061,1.5,37
L004,Z062,1.77,42
L004,Z063,2.04,9
L004,Z064,2.31,14
L004,Z065,2.58,19
L004,Z066,2.85,24
L004,Z067,1.14,29
L004,Z068,1.41,34
L004,Z069,1.68,39
L004,Z070,1.95,44
L004,Z071,2.22,11
L004,Z072,2.49,16
L004,Z073,2.76,21
L004,Z074,1.05,26
L004,Z075,1.32,31
L004,Z076,1.59,36
L004,Z077,1.86,41
L004,Z078,2.13,8
L004,Z079,2.4,13
L004,Z080,2.67,18
L004,Z081,2.94,23
L004,Z082,1.23,28
L004,Z083,1.5,33
L004,Z084,1.77,38
L004,Z085,2.04,43
L004,Z086,2.31,10
L004,Z087,2.58,15
L004,Z088,2.85,20
L004,Z089,1.14,25
L004,Z090,1.41,30
L004,Z091,1.68,35
L004,Z092,1.95,40
L004,Z093,2.22,45
L004,Z094,2.49,12
L004,Z095,2.76,17
L004,Z096,1.05,22
L004,Z097,1.32,27
L004,Z098,1.59,32
L004,Z099,1.86,37
L004,Z100,2.13,42
L004,Z101,2.4,9
L004,Z102,2.67,14
L004,Z103,2.94,19
L004,Z104,1.23,24
L004,Z105,1.5,29
L004,Z106,1.77,34
L004,Z107,2.04,39
L004,Z108,2.31,44
L004,Z109,2.58,11
L004,Z110,2.85,16
L004,Z111,1.14,21
L004,Z112,1.41,26
L004,Z113,1.68,31
L004,Z114,1.95,36
L004,Z115,2.22,41
L004,Z116,2.49,8
L004,Z117,2.76,13
L004,Z118,1.05,18
L004,Z119,1.32,23
L004,Z120,1.59,28
L005,Z001,1.59,10
L005,Z002,1.86,15
L005,Z003,2.13,20
L005,Z004,2.4,25
L005,Z005,2.67,30
L005,Z006,2.94,35
L005,Z007,1.23,40
L005,Z008,1.5,45
L005,Z009,1.77,12
L005,Z010,2.04,17
L005,Z011,2.31,22
L005,Z012,2.58,27
L005,Z013,2.85,32
L005,Z014,1.14,37
L005,Z015,1.41,42
L005,Z016,1.68,9
L005,Z017,1.95,14
L005,Z018,2.22,19
L005,Z019,2.49,24
L005,Z020,2.76,29
L005,Z021,1.05,34
L005,Z022,1.32,39
L005,Z023,1.59,44
L005,Z024,1.86,11
L005,Z025,2.13,16
L005,Z026,2.4,21
L005,Z027,2.67,26
L005,Z028,2.94,31
L005,Z029,1.23,36
L005,Z030,1.5,41
L005,Z031,1.77,8
L005,Z032,2.04,13
L005,Z033,2.31,18
L005,Z034,2.58,23
L005,Z035,2.85,28
L005,Z036,1.14,33
L005,Z037,1.41,38
L005,Z038,1.68,43
L005,Z039,1.95,10
L005,Z040,2.22,15
L005,Z041,2.49,20
L005,Z042,2.76,25
L005,Z043,1.05,30
L005,Z044,1.32,35
L005,Z045,1.59,40
L005,Z046,1.86,45
L005,Z047,2.13,12
L005,Z048,2.4,17
L005,Z049,2.67,22
L005,Z050,2.94,27
L005,Z051,1.23,32
L005,Z052,1.5,37
L005,Z053,1.77,42
L005,Z054,2.04,9
L005,Z055,2.31,14
L005,Z056,2.58,19
L005,Z057,2.85,24
L005,Z058,1.14,29
L005,Z059,1.41,34
L005,Z060,1.68,39
L005,Z061,1.95,44
L005,Z062,2.22,11
L005,Z063,2.49,16
L005,Z064,2.76,21
L005,Z065,1.05,26
L005,Z066,1.32,31
L005,Z067,1.59,36
L005,Z068,1.86,41
L005,Z069,2.13,8
L005,Z070,2.4,13
L005,Z071,2.67,18
L005,Z072,2.94,23
L005,Z073,1.23,28
L005,Z074,1.5,33
L005,Z075,1.77,38
L005,Z076,2.04,43
L005,Z077,2.31,10
L005,Z078,2.58,15
L005,Z079,2.85,20
L005,Z080,1.14,25
L005,Z081,1.41,30
L005,Z082,1.68,35
L005,Z083,1.95,40
L005,Z084,2.22,45
L005,Z085,2.49,12
L005,Z086,2.76,17
L005,Z087,1.05,22
L005,Z088,1.32,27
L005,Z089,1.59,32
L005,Z090,1.86,37
L005,Z091,2.13,42
L005,Z092,2.4,9
L005,Z093,2.67,14
L005,Z094,2.94,19
L005,Z095,1.23,24
L005,Z096,1.5,29
L005,Z097,1.77,34
L005,Z098,2.04,39
L005,Z099,2.31,44
L005,Z100,2.58,11
L005,Z101,2.85,16
L005,Z102,1.14,21
L005,Z103,1.41,26
L005,Z104,1.68,31
L005,Z105,1.95,36
L005,Z106,2.22,41
L005,Z107,2.49,8
L005,Z108,2.76,13
L005,Z109,1.05,18
L005,Z110,1.32,23
L005,Z111,1.59,28
L005,Z112,1.86,33
L005,Z113,2.13,38
L005,Z114,2.4,43
L005,Z115,2.67,10
L005,Z116,2.94,15
L005,Z117,1.23,20
L005,Z118,1.5,25
L005,Z119,1.77,30
L005,Z120,2.04,35
L006,Z001,2.04,17
L006,Z002,2.31,22
L006,Z003,2.58,27
L006,Z004,2.85,32
L006,Z005,1.14,37
L006,Z006,1.41,42
L006,Z007,1.68,9
L006,Z008,1.95,14
L006,Z009,2.22,19
L006,Z010,2.49,24
L006,Z011,2.76,29
L006,Z012,1.05,34
L006,Z013,1.32,39
L006,Z014,1.59,44
L006,Z015,1.86,11
L006,Z016,2.13,16
L006,Z017,2.4,21
L006,Z018,2.67,26
L006,Z019,2.94,31
L006,Z020,1.23,36
L006,Z021,1.5,41
L006,Z022,1.77,8
L006,Z023,2.04,13
L006,Z024,2.31,18
L006,Z025,2.58,23
L006,Z026,2.85,28
L006,Z027,1.14,33
L006,Z028,1.41,38
L006,Z029,1.68,43
L006,Z030,1.95,10
L006,Z031,2.22,15
L006,Z032,2.49,20
L006,Z033,2.76,25
L006,Z034,1.05,30
L006,Z035,1.32,35
L006,Z036,1.59,40
L006,Z037,1.86,45
L006,Z038,2.13,12
L006,Z039,2.4,17
L006,Z040,2.67,22
L006,Z041,2.94,27
L006,Z042,1.23,32
L006,Z043,1.5,37
L006,Z044,1.77,42
L006,Z045,2.04,9
L006,Z046,2.31,14
L006,Z047,2.58,19
L006,Z048,2.85,24
L006,Z049,1.14,29
L006,Z050,1.41,34
L006,Z051,1.68,39
L006,Z052,1.95,44
L006,Z053,2.22,11
L006,Z054,2.49,16
L006,Z055,2.76,21
L006,Z056,1.05,26
L006,Z057,1.32,31
L006,Z058,1.59,36
L006,Z059,1.86,41
L006,Z060,2.13,8
L006,Z061,2.4,13
L006,Z062,2.67,18
L006,Z063,2.94,23
L006,Z064,1.23,28
L006,Z065,1.5,33
L006,Z066,1.77,38
L006,Z067,2.04,43
L006,Z068,2.31,10
L006,Z069,2.58,15
L006,Z070,2.85,20
L006,Z071,1.14,25
L006,Z072,1.41,30
L006,Z073,1.68,35
L006,Z074,1.95,40
L006,Z075,2.22,45
L006,Z076,2.49,12
L006,Z077,2.76,17
L006,Z078,1.05,22
L006,Z079,1.32,27
L006,Z080,1.59,32
L006,Z081,1.86,37
L006,Z082,2.13,42
L006,Z083,2.4,9
L006,Z084,2.67,14
L006,Z085,2.94,19
L006,Z086,1.23,24
L006,Z087,1.5,29
L006,Z088,1.77,34
L006,Z089,2.04,39
L006,Z090,2.31,44
L006,Z091,2.58,11
L006,Z092,2.85,16
L006,Z093,1.14,21
L006,Z094,1.41,26
L006,Z095,1.68,31
L006,Z096,1.95,36
L006,Z097,2.22,41
L006,Z098,2.49,8
L006,Z099,2.76,13
L006,Z100,1.05,18
L006,Z101,1.32,23
L006,Z102,1.59,28
L006,Z103,1.86,33
L006,Z104,2.13,38
L006,Z105,2.4,43
L006,Z106,2.67,10
L006,Z107,2.94,15
L006,Z108,1.23,20
L006,Z109,1.5,25
L006,Z110,1.77,30
L006,Z111,2.04,35
L006,Z112,2.31,40
L006,Z113,2.58,45
L006,Z114,2.85,12
L006,Z115,1.14,17
L006,Z116,1.41,22
L006,Z117,1.68,27
L006,Z118,1.95,32
L006,Z119,2.22,37
L006,Z120,2.49,42
L007,Z001,2.49,24
L007,Z002,2.76,29
L007,Z003,1.05,34
L007,Z004,1.32,39
L007,Z005,1.59,44
L007,Z006,1.86,11
L007,Z007,2.13,16
L007,Z008,2.4,21
L007,Z009,2.67,26
L007,Z010,2.94,31
L007,Z011,1.23,36
L007,Z012,1.5,41
L007,Z013,1.77,8
L007,Z014,2.04,13
L007,Z015,2.31,18
L007,Z016,2.58,23
L007,Z017,2.85,28
L007,Z018,1.14,33
L007,Z019,1.41,38
L007,Z020,1.68,43
L007,Z021,1.95,10
L007,Z022,2.22,15
L007,Z023,2.49,20
L007,Z024,2.76,25
L007,Z025,1.05,30
L007,Z026,1.32,35
L007,Z027,1.59,40
L007,Z028,1.86,45
L007,Z029,2.13,12
L007,Z030,2.4,17
L007,Z031,2.67,22
L007,Z032,2.94,27
L007,Z033,1.23,32
L007,Z034,1.5,37
L007,Z035,1.77,42
L007,Z036,2.04,9
L007,Z037,2.31,14
L007,Z038,2.58,19
L007,Z039,2.85,24
L007,Z040,1.14,29
L007,Z041,1.41,34
L007,Z042,1.68,39
L007,Z043,1.95,44
L007,Z044,2.22,11
L007,Z045,2.49,16
L007,Z046,2.76,21
L007,Z047,1.05,26
L007,Z048,1.32,31
L007,Z049,1.59,36
L007,Z050,1.86,41
L007,Z051,2.13,8
L007,Z052,2.4,13
L007,Z053,2.67,18
L007,Z054,2.94,23
L007,Z055,1.23,28
L007,Z056,1.5,33
L007,Z057,1.77,38
L007,Z058,2.04,43
L007,Z059,2.31,10
L007,Z060,2.58,15
L007,Z061,2.85,20
L007,Z062,1.14,25
L007,Z063,1.41,30
L007,Z064,1.68,35
L007,Z065,1.95,40
L007,Z066,2.22,45
L007,Z067,2.49,12
L007,Z068,2.76,17
L007,Z069,1.05,22
L007,Z070,1.32,27
L007,Z071,1.59,32
L007,Z072,1.86,37
L007,Z073,2.13,42
L007,Z074,2.4,9
L007,Z075,2.67,14
L007,Z076,2.94,19
L007,Z077,1.23,24
L007,Z078,1.5,29
L007,Z079,1.77,34
L007,Z080,2.04,39
L007,Z081,2.31,44
L007,Z082,2.58,11
L007,Z083,2.85,16
L007,Z084,1.14,21
L007,Z085,1.41,26
L007,Z086,1.68,31
L007,Z087,1.95,36
L007,Z088,2.22,41
L007,Z089,2.49,8
L007,Z090,2.76,13
L007,Z091,1.05,18
L007,Z092,1.32,23
L007,Z093,1.59,28
L007,Z094,1.86,33
L007,Z095,2.13,38
L007,Z096,2.4,43
L007,Z097,2.67,10
L007,Z098,2.94,15
L007,Z099,1.23,20
L007,Z100,1.5,25
L007,Z101,1.77,30
L007,Z102,2.04,35
L007,Z103,2.31,40
L007,Z104,2.58,45
L007,Z105,2.85,12
L007,Z106,1.14,17
L007,Z107,1.41,22
L007,Z108,1.68,27
L007,Z109,1.95,32
L007,Z110,2.22,37
L007,Z111,2.49,42
L007,Z112,2.76,9
L007,Z113,1.05,14
L007,Z114,1.32,19
L007,Z115,1.59,24
L007,Z116,1.86,29
L007,Z117,2.13,34
L007,Z118,2.4,39
L007,Z119,2.67,44
L007,Z120,2.94,11
L008,Z001,2.94,31
L008,Z002,1.23,36
L008,Z003,1.5,41
L008,Z004,1.77,8
L008,Z005,2.04,13
L008,Z006,2.31,18
L008,Z007,2.58,23
L008,Z008,2.85,28
L008,Z009,1.14,33
L008,Z010,1.41,38
L008,Z011,1.68,43
L008,Z012,1.95,10
L008,Z013,2.22,15
L008,Z014,2.49,20
L008,Z015,2.76,25
L008,Z016,1.05,30
L008,Z017,1.32,35
L008,Z018,1.59,40
L008,Z019,1.86,45
L008,Z020,2.13,12
L008,Z021,2.4,17
L008,Z022,2.67,22
L008,Z023,2.94,27
L008,Z024,1.23,32
L008,Z025,1.5,37
L008,Z026,1.77,42
L008,Z027,2.04,9
L008,Z028,2.31,14
L008,Z029,2.58,19
L008,Z030,2.85,24
L008,Z031,1.14,29
L008,Z032,1.41,34
L008,Z033,1.68,39
L008,Z034,1.95,44
L008,Z035,2.22,11
L008,Z036,2.49,16
L008,Z037,2.76,21
L008,Z038,1.05,26
L008,Z039,1.32,31
L008,Z040,1.59,36
L008,Z041,1.86,41
L008,Z042,2.13,8
L008,Z043,2.4,13
L008,Z044,2.67,18
L008,Z045,2.94,23
L008,Z046,1.23,28
L008,Z047,1.5,33
L008,Z048,1.77,38
L008,Z049,2.04,43
L008,Z050,2.31,10
L008,Z051,2.58,15
L008,Z052,2.85,20
L008,Z053,1.14,25
L008,Z054,1.41,30
L008,Z055,1.68,35
L008,Z056,1.95,40
L008,Z057,2.22,45
L008,Z058,2.49,12
L008,Z059,2.76,17
L008,Z060,1.05,22
L008,Z061,1.32,27
L008,Z062,1.59,32
L008,Z063,1.86,37
L008,Z064,2.13,42
L008,Z065,2.4,9
L008,Z066,2.67,14
L008,Z067,2.94,19
L008,Z068,1.23,24
L008,Z069,1.5,29
L008,Z070,1.77,34
L008,Z071,2.04,39
L008,Z072,2.31,44
L008,Z073,2.58,11
L008,Z074,2.85,16
L008,Z075,1.14,21
L008,Z076,1.41,26
L008,Z077,1.68,31
L008,Z078,1.95,36
L008,Z079,2.22,41
L008,Z080,2.49,8
L008,Z081,2.76,13
L008,Z082,1.05,18
L008,Z083,1.32,23
L008,Z084,1.59,28
L008,Z085,1.86,33
L008,Z086,2.13,38
L008,Z087,2.4,43
L008,Z088,2.67,10
L008,Z089,2.94,15
L008,Z090,1.23,20
L008,Z091,1.5,25
L008,Z092,1.77,30
L008,Z093,2.04,35
L008,Z094,2.31,40
L008,Z095,2.58,45
L008,Z096,2.85,12
L008,Z097,1.14,17
L008,Z098,1.41,22
L008,Z099,1.68,27
L008,Z100,1.95,32
L008,Z101,2.22,37
L008,Z102,2.49,42
L008,Z103,2.76,9
L008,Z104,1.05,14
L008,Z105,1.32,19
L008,Z106,1.59,24
L008,Z107,1.86,29
L008,Z108,2.13,34
L008,Z109,2.4,39
L008,Z110,2.67,44
L008,Z111,2.94,11
L008,Z112,1.23,16
L008,Z113,1.5,21
L008,Z114,1.77,26
L008,Z115,2.04,31
L008,Z116,2.31,36
L008,Z117,2.58,41
L008,Z118,2.85,8
L008,Z119,1.14,13
L008,Z120,1.41,18
L009,Z001,1.41,38
L009,Z002,1.68,43
L009,Z003,1.95,10
L009,Z004,2.22,15
L009,Z005,2.49,20
L009,Z006,2.76,25
L009,Z007,1.05,30
L009,Z008,1.32,35
L009,Z009,1.59,40
L009,Z010,1.86,45
L009,Z011,2.13,12
L009,Z012,2.4,17
L009,Z013,2.67,22
L009,Z014,2.94,27
L009,Z015,1.23,32
L009,Z016,1.5,37
L009,Z017,1.77,42
L009,Z018,2.04,9
L009,Z019,2.31,14
L009,Z020,2.58,19
L009,Z021,2.85,24
L009,Z022,1.14,29
L009,Z023,1.41,34
L009,Z024,1.68,39
L009,Z025,1.95,44
L009,Z026,2.22,11
L009,Z027,2.49,16
L009,Z028,2.76,21
L009,Z029,1.05,26
L009,Z030,1.32,31
L009,Z031,1.59,36
L009,Z032,1.86,41
L009,Z033,2.13,8
L009,Z034,2.4,13
L009,Z035,2.67,18
L009,Z036,2.94,23
L009,Z037,1.23,28
L009,Z038,1.5,33
L009,Z039,1.77,38
L009,Z040,2.04,43
L009,Z041,2.31,10
L009,Z042,2.58,15
L009,Z043,2.85,20
L009,Z044,1.14,25
L009,Z045,1.41,30
L009,Z046,1.68,35
L009,Z047,1.95,40
L009,Z048,2.22,45
L009,Z049,2.49,12
L009,Z050,2.76,17
L009,Z051,1.05,22
L009,Z052,1.32,27
L009,Z053,1.59,32
L009,Z054,1.86,37
L009,Z055,2.13,42
L009,Z056,2.4,9
L009,Z057,2.67,14
L009,Z058,2.94,19
L009,Z059,1.23,24
L009,Z060,1.5,29
L009,Z061,1.77,34
L009,Z062,2.04,39
L009,Z063,2.31,44
L009,Z064,2.58,11
L009,Z065,2.85,16
L009,Z066,1.14,21
L009,Z067,1.41,26
L009,Z068,1.68,31
L009,Z069,1.95,36
L009,Z070,2.22,41
L009,Z071,2.49,8
L009,Z072,2.76,13
L009,Z073,1.05,18
L009,Z074,1.32,23
L009,Z075,1.59,28
L009,Z076,1.86,33
L009,Z077,2.13,38
L009,Z078,2.4,43
L009,Z079,2.67,10
L009,Z080,2.94,15
L009,Z081,1.23,20
L009,Z082,1.5,25
L009,Z083,1.77,30
L009,Z084,2.04,35
L009,Z085,2.31,40
L009,Z086,2.58,45
L009,Z087,2.85,12
L009,Z088,1.14,17
L009,Z089,1.41,22
L009,Z090,1.68,27
L009,Z091,1.95,32
L009,Z092,2.22,37
L009,Z093,2.49,42
L009,Z094,2.76,9
L009,Z095,1.05,14
L009,Z096,1.32,19
L009,Z097,1.59,24
L009,Z098,1.86,29
L009,Z099,2.13,34
L009,Z100,2.4,39
L009,Z101,2.67,44
L009,Z102,2.94,11
L009,Z103,1.23,16
L009,Z104,1.5,21
L009,Z105,1.77,26
L009,Z106,2.04,31
L009,Z107,2.31,36
L009,Z108,2.58,41
L009,Z109,2.85,8
L009,Z110,1.14,13
L009,Z111,1.41,18
L009,Z112,1.68,23
L009,Z113,1.95,28
L009,Z114,2.22,33
L009,Z115,2.49,38
L009,Z116,2.76,43
L009,Z117,1.05,10
L009,Z118,1.32,15
L009,Z119,1.59,20
L009,Z120,1.86,25
L010,Z001,1.86,45
L010,Z002,2.13,12
L010,Z003,2.4,17
L010,Z004,2.67,22
L010,Z005,2.94,27
L010,Z006,1.23,32
L010,Z007,1.5,37
L010,Z008,1.77,42
L010,Z009,2.04,9
L010,Z010,2.31,14
L010,Z011,2.58,19
L010,Z012,2.85,24
L010,Z013,1.14,29
L010,Z014,1.41,34
L010,Z015,1.68,39
L010,Z016,1.95,44
L010,Z017,2.22,11
L010,Z018,2.49,16
L010,Z019,2.76,21
L010,Z020,1.05,26
L010,Z021,1.32,31
L010,Z022,1.59,36
L010,Z023,1.86,41
L010,Z024,2.13,8
L010,Z025,2.4,13
L010,Z026,2.67,18
L010,Z027,2.94,23
L010,Z028,1.23,28
L010,Z029,1.5,33
L010,Z030,1.77,38
L010,Z031,2.04,43
L010,Z032,2.31,10
L010,Z033,2.58,15
L010,Z034,2.85,20
L010,Z035,1.14,25
L010,Z036,1.41,30
L010,Z037,1.68,35
L010,Z038,1.95,40
L010,Z039,2.22,45
L010,Z040,2.49,12
L010,Z041,2.76,17
L010,Z042,1.05,22
L010,Z043,1.32,27
L010,Z044,1.59,32
L010,Z045,1.86,37
L010,Z046,2.13,42
L010,Z047,2.4,9
L010,Z048,2.67,14
L010,Z049,2.94,19
L010,Z050,1.23,24
L010,Z051,1.5,29
L010,Z052,1.77,34
L010,Z053,2.04,39
L010,Z054,2.31,44
L010,Z055,2.58,11
L010,Z056,2.85,16
L010,Z057,1.14,21
L010,Z058,1.41,26
L010,Z059,1.68,31
L010,Z060,1.95,36
L010,Z061,2.22,41
L010,Z062,2.49,8
L010,Z063,2.76,13
L010,Z064,1.05,18
L010,Z065,1.32,23
L010,Z066,1.59,28
L010,Z067,1.86,33
L010,Z068,2.13,38
L010,Z069,2.4,43
L010,Z070,2.67,10
L010,Z071,2.94,15
L010,Z072,1.23,20
L010,Z073,1.5,25
L010,Z074,1.77,30
L010,Z075,2.04,35
L010,Z076,2.31,40
L010,Z077,2.58,45
L010,Z078,2.85,12
L010,Z079,1.14,17
L010,Z080,1.41,22
L010,Z081,1.68,27
L010,Z082,1.95,32
L010,Z083,2.22,37
L010,Z084,2.49,42
L010,Z085,2.76,9
L010,Z086,1.05,14
L010,Z087,1.32,19
L010,Z088,1.59,24
L010,Z089,1.86,29
L010,Z090,2.13,34
L010,Z091,2.4,39
L010,Z092,2.67,44
L010,Z093,2.94,11
L010,Z094,1.23,16
L010,Z095,1.5,21
L010,Z096,1.77,26
L010,Z097,2.04,31
L010,Z098,2.31,36
L010,Z099,2.58,41
L010,Z100,2.85,8
L010,Z101,1.14,13
L010,Z102,1.41,18
L010,Z103,1.68,23
L010,Z104,1.95,28
L010,Z105,2.22,33
L010,Z106,2.49,38
L010,Z107,2.76,43
L010,Z108,1.05,10
L010,Z109,1.32,15
L010,Z110,1.59,20
L010,Z111,1.86,25
L010,Z112,2.13,30
L010,Z113,2.4,35
L010,Z114,2.67,40
L010,Z115,2.94,45
L010,Z116,1.23,12
L010,Z117,1.5,17
L010,Z118,1.77,22
L010,Z119,2.04,27
L010,Z120,2.31,32
L011,Z001,2.31,14
L011,Z002,2.58,19
L011,Z003,2.85,24
L011,Z004,1.14,29
L011,Z005,1.41,34
L011,Z006,1.68,39
L011,Z007,1.95,44
L011,Z008,2.22,11
L011,Z009,2.49,16
L011,Z010,2.76,21
L011,Z011,1.05,26
L011,Z012,1.32,31
L011,Z013,1.59,36
L011,Z014,1.86,41
L011,Z015,2.13,8
L011,Z016,2.4,13
L011,Z017,2.67,18
L011,Z018,2.94,23
L011,Z019,1.23,28
L011,Z020,1.5,33
L011,Z021,1.77,38
L011,Z022,2.04,43
L011,Z023,2.31,10
L011,Z024,2.58,15
L011,Z025,2.85,20
L011,Z026,1.14,25
L011,Z027,1.41,30
L011,Z028,1.68,35
L011,Z029,1.95,40
L011,Z030,2.22,45
L011,Z031,2.49,12
L011,Z032,2.76,17
L011,Z033,1.05,22
L011,Z034,1.32,27
L011,Z035,1.59,32
L011,Z036,1.86,37
L011,Z037,2.13,42
L011,Z038,2.4,9
L011,Z039,2.67,14
L011,Z040,2.94,19
L011,Z041,1.23,24
L011,Z042,1.5,29
L011,Z043,1.77,34
L011,Z044,2.04,39
L011,Z045,2.31,44
L011,Z046,2.58,11
L011,Z047,2.85,16
L011,Z048,1.14,21
L011,Z049,1.41,26
L011,Z050,1.68,31
L011,Z051,1.95,36
L011,Z052,2.22,41
L011,Z053,2.49,8
L011,Z054,2.76,13
L011,Z055,1.05,18
L011,Z056,1.32,23
L011,Z057,1.59,28
L011,Z058,1.86,33
L011,Z059,2.13,38
L011,Z060,2.4,43
L011,Z061,2.67,10
L011,Z062,2.94,15
L011,Z063,1.23,20
L011,Z064,1.5,25
L011,Z065,1.77,30
L011,Z066,2.04,35
L011,Z067,2.31,40
L011,Z068,2.58,45
L011,Z069,2.85,12
L011,Z070,1.14,17
L011,Z071,1.41,22
L011,Z072,1.68,27
L011,Z073,1.95,32
L011,Z074,2.22,37
L011,Z075,2.49,42
L011,Z076,2.76,9
L011,Z077,1.05,14
L011,Z078,1.32,19
L011,Z079,1.59,24
L011,Z080,1.86,29
L011,Z081,2.13,34
L011,Z082,2.4,39
L011,Z083,2.67,44
L011,Z084,2.94,11
L011,Z085,1.23,16
L011,Z086,1.5,21
L011,Z087,1.77,26
L011,Z088,2.04,31
L011,Z089,2.31,36
L011,Z090,2.58,41
L011,Z091,2.85,8
L011,Z092,1.14,13
L011,Z093,1.41,18
L011,Z094,1.68,23
L011,Z095,1.95,28
L011,Z096,2.22,33
L011,Z097,2.49,38
L011,Z098,2.76,43
L011,Z099,1.05,10
L011,Z100,1.32,15
L011,Z101,1.59,20
L011,Z102,1.86,25
L011,Z103,2.13,30
L011,Z104,2.4,35
L011,Z105,2.67,40
L011,Z106,2.94,45
L011,Z107,1.23,12
L011,Z108,1.5,17
L011,Z109,1.77,22
L011,Z110,2.04,27
L011,Z111,2.31,32
L011,Z112,2.58,37
L011,Z113,2.85,42
L011,Z114,1.14,9
L011,Z115,1.41,14
L011,Z116,1.68,19
L011,Z117,1.95,24
L011,Z118,2.22,29
L011,Z119,2.49,34
L011,Z120,2.76,39
L012,Z001,2.76,21
L012,Z002,1.05,26
L012,Z003,1.32,31
L012,Z004,1.59,36
L012,Z005,1.86,41
L012,Z006,2.13,8
L012,Z007,2.4,13
L012,Z008,2.67,18
L012,Z009,2.94,23
L012,Z010,1.23,28
L012,Z011,1.5,33
L012,Z012,1.77,38
L012,Z013,2.04,43
L012,Z014,2.31,10
L012,Z015,2.58,15
L012,Z016,2.85,20
L012,Z017,1.14,25
L012,Z018,1.41,30
L012,Z019,1.68,35
L012,Z020,1.95,40
L012,Z021,2.22,45
L012,Z022,2.49,12
L012,Z023,2.76,17
L012,Z024,1.05,22
L012,Z025,1.32,27
L012,Z026,1.59,32
L012,Z027,1.86,37
L012,Z028,2.13,42
L012,Z029,2.4,9
L012,Z030,2.67,14
L012,Z031,2.94,19
L012,Z032,1.23,24
L012,Z033,1.5,29
L012,Z034,1.77,34
L012,Z035,2.04,39
L012,Z036,2.31,44
L012,Z037,2.58,11
L012,Z038,2.85,16
L012,Z039,1.14,21
L012,Z040,1.41,26
L012,Z041,1.68,31
L012,Z042,1.95,36
L012,Z043,2.22,41
L012,Z044,2.49,8
L012,Z045,2.76,13
L012,Z046,1.05,18
L012,Z047,1.32,23
L012,Z048,1.59,28
L012,Z049,1.86,33
L012,Z050,2.13,38
L012,Z051,2.4,43
L012,Z052,2.67,10
L012,Z053,2.94,15
L012,Z054,1.23,20
L012,Z055,1.5,25
L012,Z056,1.77,30
L012,Z057,2.04,35
L012,Z058,2.31,40
L012,Z059,2.58,45
L012,Z060,2.85,12
L012,Z061,1.14,17
L012,Z062,1.41,22
L012,Z063,1.68,27
L012,Z064,1.95,32
L012,Z065,2.22,37
L012,Z066,2.49,42
L012,Z067,2.76,9
L012,Z068,1.05,14
L012,Z069,1.32,19
L012,Z070,1.59,24
L012,Z071,1.86,29
L012,Z072,2.13,34
L012,Z073,2.4,39
L012,Z074,2.67,44
L012,Z075,2.94,11
L012,Z076,1.23,16
L012,Z077,1.5,21
L012,Z078,1.77,26
L012,Z079,2.04,31
L012,Z080,2.31,36
L012,Z081,2.58,41
L012,Z082,2.85,8
L012,Z083,1.14,13
L012,Z084,1.41,18
L012,Z085,1.68,23
L012,Z086,1.95,28
L012,Z087,2.22,33
L012,Z088,2.49,38
L012,Z089,2.76,43
L012,Z090,1.05,10
L012,Z091,1.32,15
L012,Z092,1.59,20
L012,Z093,1.86,25
L012,Z094,2.13,30
L012,Z095,2.4,35
L012,Z096,2.67,40
L012,Z097,2.94,45
L012,Z098,1.23,12
L012,Z099,1.5,17
L012,Z100,1.77,22
L012,Z101,2.04,27
L012,Z102,2.31,32
L012,Z103,2.58,37
L012,Z104,2.85,42
L012,Z105,1.14,9
L012,Z106,1.41,14
L012,Z107,1.68,19
L012,Z108,1.95,24
L012,Z109,2.22,29
L012,Z110,2.49,34
L012,Z111,2.76,39
L012,Z112,1.05,44
L012,Z113,1.32,11
L012,Z114,1.59,16
L012,Z115,1.86,21
L012,Z116,2.13,26
L012,Z117,2.4,31
L012,Z118,2.67,36
L012,Z119,2.94,41
L012,Z120,1.23,8
L013,Z001,1.23,28
L013,Z002,1.5,33
L013,Z003,1.77,38
L013,Z004,2.04,43
L013,Z005,2.31,10
L013,Z006,2.58,15
L013,Z007,2.85,20
L013,Z008,1.14,25
L013,Z009,1.41,30
L013,Z010,1.68,35
L013,Z011,1.95,40
L013,Z012,2.22,45
L013,Z013,2.49,12
L013,Z014,2.76,17
L013,Z015,1.05,22
L013,Z016,1.32,27
L013,Z017,1.59,32
L013,Z018,1.86,37
L013,Z019,2.13,42
L013,Z020,2.4,9
L013,Z021,2.67,14
L013,Z022,2.94,19
L013,Z023,1.23,24
L013,Z024,1.5,29
L013,Z025,1.77,34
L013,Z026,2.04,39
L013,Z027,2.31,44
L013,Z028,2.58,11
L013,Z029,2.85,16
L013,Z030,1.14,21
L013,Z031,1.41,26
L013,Z032,1.68,31
L013,Z033,1.95,36
L013,Z034,2.22,41
L013,Z035,2.49,8
L013,Z036,2.76,13
L013,Z037,1.05,18
L013,Z038,1.32,23
L013,Z039,1.59,28
L013,Z040,1.86,33
L013,Z041,2.13,38
L013,Z042,2.4,43
L013,Z043,2.67,10
L013,Z044,2.94,15
L013,Z045,1.23,20
L013,Z046,1.5,25
L013,Z047,1.77,30
L013,Z048,2.04,35
L013,Z049,2.31,40
L013,Z050,2.58,45
L013,Z051,2.85,12
L013,Z052,1.14,17
L013,Z053,1.41,22
L013,Z054,1.68,27
L013,Z055,1.95,32
L013,Z056,2.22,37
L013,Z057,2.49,42
L013,Z058,2.76,9
L013,Z059,1.05,14
L013,Z060,1.32,19
L013,Z061,1.59,24
L013,Z062,1.86,29
L013,Z063,2.13,34
L013,Z064,2.4,39
L013,Z065,2.67,44
L013,Z066,2.94,11
L013,Z067,1.23,16
L013,Z068,1.5,21
L013,Z069,1.77,26
L013,Z070,2.04,31
L013,Z071,2.31,36
L013,Z072,2.58,41
L013,Z073,2.85,8
L013,Z074,1.14,13
L013,Z075,1.41,18
L013,Z076,1.68,23
L013,Z077,1.95,28
L013,Z078,2.22,33
L013,Z079,2.49,38
L013,Z080,2.76,43
L013,Z081,1.05,10
L013,Z082,1.32,15
L013,Z083,1.59,20
L013,Z084,1.86,25
L013,Z085,2.13,30
L013,Z086,2.4,35
L013,Z087,2.67,40
L013,Z088,2.94,45
L013,Z089,1.23,12
L013,Z090,1.5,17
L013,Z091,1.77,22
L013,Z092,2.04,27
L013,Z093,2.31,32
L013,Z094,2.58,37
L013,Z095,2.85,42
L013,Z096,1.14,9
L013,Z097,1.41,14
L013,Z098,1.68,19
L013,Z099,1.95,24
L013,Z100,2.22,29
L013,Z101,2.49,34
L013,Z102,2.76,39
L013,Z103,1.05,44
L013,Z104,1.32,11
L013,Z105,1.59,16
L013,Z106,1.86,21
L013,Z107,2.13,26
L013,Z108,2.4,31
L013,Z109,2.67,36
L013,Z110,2.94,41
L013,Z111,1.23,8
L013,Z112,1.5,13
L013,Z113,1.77,18
L013,Z114,2.04,23
L013,Z115,2.31,28
L013,Z116,2.58,33
L013,Z117,2.85,38
L013,Z118,1.14,43
L013,Z119,1.41,10
L013,Z120,1.68,15
L014,Z001,1.68,35
L014,Z002,1.95,40
L014,Z003,2.22,45
L014,Z004,2.49,12
L014,Z005,2.76,17
L014,Z006,1.05,22
L014,Z007,1.32,27
L014,Z008,1.59,32
L014,Z009,1.86,37
L014,Z010,2.13,42
L014,Z011,2.4,9
L014,Z012,2.67,14
L014,Z013,2.94,19
L014,Z014,1.23,24
L014,Z015,1.5,29
L014,Z016,1.77,34
L014,Z017,2.04,39
L014,Z018,2.31,44
L014,Z019,2.58,11
L014,Z020,2.85,16
L014,Z021,1.14,21
L014,Z022,1.41,26
L014,Z023,1.68,31
L014,Z024,1.95,36
L014,Z025,2.22,41
L014,Z026,2.49,8
L014,Z027,2.76,13
L014,Z028,1.05,18
L014,Z029,1.32,23
L014,Z030,1.59,28
L014,Z031,1.86,33
L014,Z032,2.13,38
L014,Z033,2.4,43
L014,Z034,2.67,10
L014,Z035,2.94,15
L014,Z036,1.23,20
L014,Z037,1.5,25
L014,Z038,1.77,30
L014,Z039,2.04,35
L014,Z040,2.31,40
L014,Z041,2.58,45
L014,Z042,2.85,12
L014,Z043,1.14,17
L014,Z044,1.41,22
L014,Z045,1.68,27
L014,Z046,1.95,32
L014,Z047,2.22,37
L014,Z048,2.49,42
L014,Z049,2.76,9
L014,Z050,1.05,14
L014,Z051,1.32,19
L014,Z052,1.59,24
L014,Z053,1.86,29
L014,Z054,2.13,34
L014,Z055,2.4,39
L014,Z056,2.67,44
L014,Z057,2.94,11
L014,Z058,1.23,16
L014,Z059,1.5,21
L014,Z060,1.77,26
L014,Z061,2.04,31
L014,Z062,2.31,36
L014,Z063,2.58,41
L014,Z064,2.85,8
L014,Z065,1.14,13
L014,Z066,1.41,18
L014,Z067,1.68,23
L014,Z068,1.95,28
L014,Z069,2.22,33
L014,Z070,2.49,38
L014,Z071,2.76,43
L014,Z072,1.05,10
L014,Z073,1.32,15
L014,Z074,1.59,20
L014,Z075,1.86,25
L014,Z076,2.13,30
L014,Z077,2.4,35
L014,Z078,2.67,40
L014,Z079,2.94,45
L014,Z080,1.23,12
L014,Z081,1.5,17
L014,Z082,1.77,22
L014,Z083,2.04,27
L014,Z084,2.31,32
L014,Z085,2.58,37
L014,Z086,2.85,42
L014,Z087,1.14,9
L014,Z088,1.41,14
L014,Z089,1.68,19
L014,Z090,1.95,24
L014,Z091,2.22,29
L014,Z092,2.49,34
L014,Z093,2.76,39
L014,Z094,1.05,44
L014,Z095,1.32,11
L014,Z096,1.59,16
L014,Z097,1.86,21
L014,Z098,2.13,26
L014,Z099,2.4,31
L014,Z100,2.67,36
L014,Z101,2.94,41
L014,Z102,1.23,8
L014,Z103,1.5,13
L014,Z104,1.77,18
L014,Z105,2.04,23
L014,Z106,2.31,28
L014,Z107,2.58,33
L014,Z108,2.85,38
L014,Z109,1.14,43
L014,Z110,1.41,10
L014,Z111,1.68,15
L014,Z112,1.95,20
L014,Z113,2.22,25
L014,Z114,2.49,30
L014,Z115,2.76,35
L014,Z116,1.05,40
L014,Z117,1.32,45
L014,Z118,1.59,12
L014,Z119,1.86,17
L014,Z120,2.13,22
L015,Z001,2.13,42
L015,Z002,2.4,9
L015,Z003,2.67,14
L015,Z004,2.94,19
L015,Z005,1.23,24
L015,Z006,1.5,29
L015,Z007,1.77,34
L015,Z008,2.04,39
L015,Z009,2.31,44
L015,Z010,2.58,11
L015,Z011,2.85,16
L015,Z012,1.14,21
L015,Z013,1.41,26
L015,Z014,1.68,31
L015,Z015,1.95,36
L015,Z016,2.22,41
L015,Z017,2.49,8
L015,Z018,2.76,13
L015,Z019,1.05,18
L015,Z020,1.32,23
L015,Z021,1.59,28
L015,Z022,1.86,33
L015,Z023,2.13,38
L015,Z024,2.4,43
L015,Z025,2.67,10
L015,Z026,2.94,15
L015,Z027,1.23,20
L015,Z028,1.5,25
L015,Z029,1.77,30
L015,Z030,2.04,35
L015,Z031,2.31,40
L015,Z032,2.58,45
L015,Z033,2.85,12
L015,Z034,1.14,17
L015,Z035,1.41,22
L015,Z036,1.68,27
L015,Z037,1.95,32
L015,Z038,2.22,37
L015,Z039,2.49,42
L015,Z040,2.76,9
L015,Z041,1.05,14
L015,Z042,1.32,19
L015,Z043,1.59,24
L015,Z044,1.86,29
L015,Z045,2.13,34
L015,Z046,2.4,39
L015,Z047,2.67,44
L015,Z048,2.94,11
L015,Z049,1.23,16
L015,Z050,1.5,21
L015,Z051,1.77,26
L015,Z052,2.04,31
L015,Z053,2.31,36
L015,Z054,2.58,41
L015,Z055,2.85,8
L015,Z056,1.14,13
L015,Z057,1.41,18
L015,Z058,1.68,23
L015,Z059,1.95,28
L015,Z060,2.22,33
L015,Z061,2.49,38
L015,Z062,2.76,43
L015,Z063,1.05,10
L015,Z064,1.32,15
L015,Z065,1.59,20
L015,Z066,1.86,25
L015,Z067,2.13,30
L015,Z068,2.4,35
L015,Z069,2.67,40
L015,Z070,2.94,45
L015,Z071,1.23,12
L015,Z072,1.5,17
L015,Z073,1.77,22
L015,Z074,2.04,27
L015,Z075,2.31,32
L015,Z076,2.58,37
L015,Z077,2.85,42
L015,Z078,1.14,9
L015,Z079,1.41,14
L015,Z080,1.68,19
L015,Z081,1.95,24
L015,Z082,2.22,29
L015,Z083,2.49,34
L015,Z084,2.76,39
L015,Z085,1.05,44
L015,Z086,1.32,11
L015,Z087,1.59,16
L015,Z088,1.86,21
L015,Z089,2.13,26
L015,Z090,2.4,31
L015,Z091,2.67,36
L015,Z092,2.94,41
L015,Z093,1.23,8
L015,Z094,1.5,13
L015,Z095,1.77,18
L015,Z096,2.04,23
L015,Z097,2.31,28
L015,Z098,2.58,33
L015,Z099,2.85,38
L015,Z100,1.14,43
L015,Z101,1.41,10
L015,Z102,1.68,15
L015,Z103,1.95,20
L015,Z104,2.22,25
L015,Z105,2.49,30
L015,Z106,2.76,35
L015,Z107,1.05,40
L015,Z108,1.32,45
L015,Z109,1.59,12
L015,Z110,1.86,17
L015,Z111,2.13,22
L015,Z112,2.4,27
L015,Z113,2.67,32
L015,Z114,2.94,37
L015,Z115,1.23,42
L015,Z116,1.5,9
L015,Z117,1.77,14
L015,Z118,2.04,19
L015,Z119,2.31,24
L015,Z120,2.58,29
L016,Z001,2.58,11
L016,Z002,2.85,16
L016,Z003,1.14,21
L016,Z004,1.41,26
L016,Z005,1.68,31
L016,Z006,1.95,36
L016,Z007,2.22,41
L016,Z008,2.49,8
L016,Z009,2.76,13
L016,Z010,1.05,18
L016,Z011,1.32,23
L016,Z012,1.59,28
L016,Z013,1.86,33
L016,Z014,2.13,38
L016,Z015,2.4,43
L016,Z016,2.67,10
L016,Z017,2.94,15
L016,Z018,1.23,20
L016,Z019,1.5,25
L016,Z020,1.77,30
L016,Z021,2.04,35
L016,Z022,2.31,40
L016,Z023,2.58,45
L016,Z024,2.85,12
L016,Z025,1.14,17
L016,Z026,1.41,22
L016,Z027,1.68,27
L016,Z028,1.95,32
L016,Z029,2.22,37
L016,Z030,2.49,42
L016,Z031,2.76,9
L016,Z032,1.05,14
L016,Z033,1.32,19
L016,Z034,1.59,24
L016,Z035,1.86,29
L016,Z036,2.13,34
L016,Z037,2.4,39
L016,Z038,2.67,44
L016,Z039,2.94,11
L016,Z040,1.23,16
L016,Z041,1.5,21
L016,Z042,1.77,26
L016,Z043,2.04,31
L016,Z044,2.31,36
L016,Z045,2.58,41
L016,Z046,2.85,8
L016,Z047,1.14,13
L016,Z048,1.41,18
L016,Z049,1.68,23
L016,Z050,1.95,28
L016,Z051,2.22,33
L016,Z052,2.49,38
L016,Z053,2.76,43
L016,Z054,1.05,10
L016,Z055,1.32,15
L016,Z056,1.59,20
L016,Z057,1.86,25
L016,Z058,2.13,30
L016,Z059,2.4,35
L016,Z060,2.67,40
L016,Z061,2.94,45
L016,Z062,1.23,12
L016,Z063,1.5,17
L016,Z064,1.77,22
L016,Z065,2.04,27
L016,Z066,2.31,32
L016,Z067,2.58,37
L016,Z068,2.85,42
L016,Z069,1.14,9
L016,Z070,1.41,14
L016,Z071,1.68,19
L016,Z072,1.95,24
L016,Z073,2.22,29
L016,Z074,2.49,34
L016,Z075,2.76,39
L016,Z076,1.05,44
L016,Z077,1.32,11
L016,Z078,1.59,16
L016,Z079,1.86,21
L016,Z080,2.13,26
L016,Z081,2.4,31
L016,Z082,2.67,36
L016,Z083,2.94,41
L016,Z084,1.23,8
L016,Z085,1.5,13
L016,Z086,1.77,18
L016,Z087,2.04,23
L016,Z088,2.31,28
L016,Z089,2.58,33
L016,Z090,2.85,38
L016,Z091,1.14,43
L016,Z092,1.41,10
L016,Z093,1.68,15
L016,Z094,1.95,20
L016,Z095,2.22,25
L016,Z096,2.49,30
L016,Z097,2.76,35
L016,Z098,1.05,40
L016,Z099,1.32,45
L016,Z100,1.59,12
L016,Z101,1.86,17
L016,Z102,2.13,22
L016,Z103,2.4,27
L016,Z104,2.67,32
L016,Z105,2.94,37
L016,Z106,1.23,42
L016,Z107,1.5,9
L016,Z108,1.77,14
L016,Z109,2.04,19
L016,Z110,2.31,24
L016,Z111,2.58,29
L016,Z112,2.85,34
L016,Z113,1.14,39
L016,Z114,1.41,44
L016,Z115,1.68,11
L016,Z116,1.95,16
L016,Z117,2.22,21
L016,Z118,2.49,26
L016,Z119,2.76,31
L016,Z120,1.05,36
L017,Z001,1.05,18
L017,Z002,1.32,23
L017,Z003,1.59,28
L017,Z004,1.86,33
L017,Z005,2.13,38
L017,Z006,2.4,43
L017,Z007,2.67,10
L017,Z008,2.94,15
L017,Z009,1.23,20
L017,Z010,1.5,25
L017,Z011,1.77,30
L017,Z012,2.04,35
L017,Z013,2.31,40
L017,Z014,2.58,45
L017,Z015,2.85,12
L017,Z016,1.14,17
L017,Z017,1.41,22
L017,Z018,1.68,27
L017,Z019,1.95,32
L017,Z020,2.22,37
L017,Z021,2.49,42
L017,Z022,2.76,9
L017,Z023,1.05,14
L017,Z024,1.32,19
L017,Z025,1.59,24
L017,Z026,1.86,29
L017,Z027,2.13,34
L017,Z028,2.4,39
L017,Z029,2.67,44
L017,Z030,2.94,11
L017,Z031,1.23,16
L017,Z032,1.5,21
L017,Z033,1.77,26
L017,Z034,2.04,31
L017,Z035,2.31,36
L017,Z036,2.58,41
L017,Z037,2.85,8
L017,Z038,1.14,13
L017,Z039,1.41,18
L017,Z040,1.68,23
L017,Z041,1.95,28
L017,Z042,2.22,33
L017,Z043,2.49,38
L017,Z044,2.76,43
L017,Z045,1.05,10
L017,Z046,1.32,15
L017,Z047,1.59,20
L017,Z048,1.86,25
L017,Z049,2.13,30
L017,Z050,2.4,35
L017,Z051,2.67,40
L017,Z052,2.94,45
L017,Z053,1.23,12
L017,Z054,1.5,17
L017,Z055,1.77,22
L017,Z056,2.04,27
L017,Z057,2.31,32
L017,Z058,2.58,37
L017,Z059,2.85,42
L017,Z060,1.14,9
L017,Z061,1.41,14
L017,Z062,1.68,19
L017,Z063,1.95,24
L017,Z064,2.22,29
L017,Z065,2.49,34
L017,Z066,2.76,39
L017,Z067,1.05,44
L017,Z068,1.32,11
L017,Z069,1.59,16
L017,Z070,1.86,21
L017,Z071,2.13,26
L017,Z072,2.4,31
L017,Z073,2.67,36
L017,Z074,2.94,41
L017,Z075,1.23,8
L017,Z076,1.5,13
L017,Z077,1.77,18
L017,Z078,2.04,23
L017,Z079,2.31,28
L017,Z080,2.58,33
L017,Z081,2.85,38
L017,Z082,1.14,43
L017,Z083,1.41,10
L017,Z084,1.68,15
L017,Z085,1.95,20
L017,Z086,2.22,25
L017,Z087,2.49,30
L017,Z088,2.76,35
L017,Z089,1.05,40
L017,Z090,1.32,45
L017,Z091,1.59,12
L017,Z092,1.86,17
L017,Z093,2.13,22
L017,Z094,2.4,27
L017,Z095,2.67,32
L017,Z096,2.94,37
L017,Z097,1.23,42
L017,Z098,1.5,9
L017,Z099,1.77,14
L017,Z100,2.04,19
L017,Z101,2.31,24
L017,Z102,2.58,29
L017,Z103,2.85,34
L017,Z104,1.14,39
L017,Z105,1.41,44
L017,Z106,1.68,11
L017,Z107,1.95,16
L017,Z108,2.22,21
L017,Z109,2.49,26
L017,Z110,2.76,31
L017,Z111,1.05,36
L017,Z112,1.32,41
L017,Z113,1.59,8
L017,Z114,1.86,13
L017,Z115,2.13,18
L017,Z116,2.4,23
L017,Z117,2.67,28
L017,Z118,2.94,33
L017,Z119,1.23,38
L017,Z120,1.5,43
L018,Z001,1.5,25
L018,Z002,1.77,30
L018,Z003,2.04,35
L018,Z004,2.31,40
L018,Z005,2.58,45
L018,Z006,2.85,12
L018,Z007,1.14,17
L018,Z008,1.41,22
L018,Z009,1.68,27
L018,Z010,1.95,32
L018,Z011,2.22,37
L018,Z012,2.49,42
L018,Z013,2.76,9
L018,Z014,1.05,14
L018,Z015,1.32,19
L018,Z016,1.59,24
L018,Z017,1.86,29
L018,Z018,2.13,34
L018,Z019,2.4,39
L018,Z020,2.67,44
L018,Z021,2.94,11
L018,Z022,1.23,16
L018,Z023,1.5,21
L018,Z024,1.77,26
L018,Z025,2.04,31
L018,Z026,2.31,36
L018,Z027,2.58,41
L018,Z028,2.85,8
L018,Z029,1.14,13
L018,Z030,1.41,18
L018,Z031,1.68,23
L018,Z032,1.95,28
L018,Z033,2.22,33
L018,Z034,2.49,38
L018,Z035,2.76,43
L018,Z036,1.05,10
L018,Z037,1.32,15
L018,Z038,1.59,20
L018,Z039,1.86,25
L018,Z040,2.13,30
L018,Z041,2.4,35
L018,Z042,2.67,40
L018,Z043,2.94,45
L018,Z044,1.23,12
L018,Z045,1.5,17
L018,Z046,1.77,22
L018,Z047,2.04,27
L018,Z048,2.31,32
L018,Z049,2.58,37
L018,Z050,2.85,42
L018,Z051,1.14,9
L018,Z052,1.41,14
L018,Z053,1.68,19
L018,Z054,1.95,24
L018,Z055,2.22,29
L018,Z056,2.49,34
L018,Z057,2.76,39
L018,Z058,1.05,44
L018,Z059,1.32,11
L018,Z060,1.59,16
L018,Z061,1.86,21
L018,Z062,2.13,26
L018,Z063,2.4,31
L018,Z064,2.67,36
L018,Z065,2.94,41
L018,Z066,1.23,8
L018,Z067,1.5,13
L018,Z068,1.77,18
L018,Z069,2.04,23
L018,Z070,2.31,28
L018,Z071,2.58,33
L018,Z072,2.85,38
L018,Z073,1.14,43
L018,Z074,1.41,10
L018,Z075,1.68,15
L018,Z076,1.95,20
L018,Z077,2.22,25
L018,Z078,2.49,30
L018,Z079,2.76,35
L018,Z080,1.05,40
L018,Z081,1.32,45
L018,Z082,1.59,12
L018,Z083,1.86,17
L018,Z084,2.13,22
L018,Z085,2.4,27
L018,Z086,2.67,32
L018,Z087,2.94,37
L018,Z088,1.23,42
L018,Z089,1.5,9
L018,Z090,1.77,14
L018,Z091,2.04,19
L018,Z092,2.31,24
L018,Z093,2.58,29
L018,Z094,2.85,34
L018,Z095,1.14,39
L018,Z096,1.41,44
L018,Z097,1.68,11
L018,Z098,1.95,16
L018,Z099,2.22,21
L018,Z100,2.49,26
L018,Z101,2.76,31
L018,Z102,1.05,36
L018,Z103,1.32,41
L018,Z104,1.59,8
L018,Z105,1.86,13
L018,Z106,2.13,18
L018,Z107,2.4,23
L018,Z108,2.67,28
L018,Z109,2.94,33
L018,Z110,1.23,38
L018,Z111,1.5,43
L018,Z112,1.77,10
L018,Z113,2.04,15
L018,Z114,2.31,20
L018,Z115,2.58,25
L018,Z116,2.85,30
L018,Z117,1.14,35
L018,Z118,1.41,40
L018,Z119,1.68,45
L018,Z120,1.95,12
L019,Z001,1.95,32
L019,Z002,2.22,37
L019,Z003,2.49,42
L019,Z004,2.76,9
L019,Z005,1.05,14
L019,Z006,1.32,19
L019,Z007,1.59,24
L019,Z008,1.86,29
L019,Z009,2.13,34
L019,Z010,2.4,39
L019,Z011,2.67,44
L019,Z012,2.94,11
L019,Z013,1.23,16
L019,Z014,1.5,21
L019,Z015,1.77,26
L019,Z016,2.04,31
L019,Z017,2.31,36
L019,Z018,2.58,41
L019,Z019,2.85,8
L019,Z020,1.14,13
L019,Z021,1.41,18
L019,Z022,1.68,23
L019,Z023,1.95,28
L019,Z024,2.22,33
L019,Z025,2.49,38
L019,Z026,2.76,43
L019,Z027,1.05,10
L019,Z028,1.32,15
L019,Z029,1.59,20
L019,Z030,1.86,25
L019,Z031,2.13,30
L019,Z032,2.4,35
L019,Z033,2.67,40
L019,Z034,2.94,45
L019,Z035,1.23,12
L019,Z036,1.5,17
L019,Z037,1.77,22
L019,Z038,2.04,27
L019,Z039,2.31,32
L019,Z040,2.58,37
L019,Z041,2.85,42
L019,Z042,1.14,9
L019,Z043,1.41,14
L019,Z044,1.68,19
L019,Z045,1.95,24
L019,Z046,2.22,29
L019,Z047,2.49,34
L019,Z048,2.76,39
L019,Z049,1.05,44
L019,Z050,1.32,11
L019,Z051,1.59,16
L019,Z052,1.86,21
L019,Z053,2.13,26
L019,Z054,2.4,31
L019,Z055,2.67,36
L019,Z056,2.94,41
L019,Z057,1.23,8
L019,Z058,1.5,13
L019,Z059,1.77,18
L019,Z060,2.04,23
L019,Z061,2.31,28
L019,Z062,2.58,33
L019,Z063,2.85,38
L019,Z064,1.14,43
L019,Z065,1.41,10
L019,Z066,1.68,15
L019,Z067,1.95,20
L019,Z068,2.22,25
L019,Z069,2.49,30
L019,Z070,2.76,35
L019,Z071,1.05,40
L019,Z072,1.32,45
L019,Z073,1.59,12
L019,Z074,1.86,17
L019,Z075,2.13,22
L019,Z076,2.4,27
L019,Z077,2.67,32
L019,Z078,2.94,37
L019,Z079,1.23,42
L019,Z080,1.5,9
L019,Z081,1.77,14
L019,Z082,2.04,19
L019,Z083,2.31,24
L019,Z084,2.58,29
L019,Z085,2.85,34
L019,Z086,1.14,39
L019,Z087,1.41,44
L019,Z088,1.68,11
L019,Z089,1.95,16
L019,Z090,2.22,21
L019,Z091,2.49,26
L019,Z092,2.76,31
L019,Z093,1.05,36
L019,Z094,1.32,41
L019,Z095,1.59,8
L019,Z096,1.86,13
L019,Z097,2.13,18
L019,Z098,2.4,23
L019,Z099,2.67,28
L019,Z100,2.94,33
L019,Z101,1.23,38
L019,Z102,1.5,43
L019,Z103,1.77,10
L019,Z104,2.04,15
L019,Z105,2.31,20
L019,Z106,2.58,25
L019,Z107,2.85,30
L019,Z108,1.14,35
L019,Z109,1.41,40
L019,Z110,1.68,45
L019,Z111,1.95,12
L019,Z112,2.22,17
L019,Z113,2.49,22
L019,Z114,2.76,27
L019,Z115,1.05,32
L019,Z116,1.32,37
L019,Z117,1.59,42
L019,Z118,1.86,9
L019,Z119,2.13,14
L019,Z120,2.4,19
L020,Z001,2.4,39
L020,Z002,2.67,44
L020,Z003,2.94,11
L020,Z004,1.23,16
L020,Z005,1.5,21
L020,Z006,1.77,26
L020,Z007,2.04,31
L020,Z008,2.31,36
L020,Z009,2.58,41
L020,Z010,2.85,8
L020,Z011,1.14,13
L020,Z012,1.41,18
L020,Z013,1.68,23
L020,Z014,1.95,28
L020,Z015,2.22,33
L020,Z016,2.49,38
L020,Z017,2.76,43
L020,Z018,1.05,10
L020,Z019,1.32,15
L020,Z020,1.59,20
L020,Z021,1.86,25
L020,Z022,2.13,30
L020,Z023,2.4,35
L020,Z024,2.67,40
L020,Z025,2.94,45
L020,Z026,1.23,12
L020,Z027,1.5,17
L020,Z028,1.77,22
L020,Z029,2.04,27
L020,Z030,2.31,32
L020,Z031,2.58,37
L020,Z032,2.85,42
L020,Z033,1.14,9
L020,Z034,1.41,14
L020,Z035,1.68,19
L020,Z036,1.95,24
L020,Z037,2.22,29
L020,Z038,2.49,34
L020,Z039,2.76,39
L020,Z040,1.05,44
L020,Z041,1.32,11
L020,Z042,1.59,16
L020,Z043,1.86,21
L020,Z044,2.13,26
L020,Z045,2.4,31
L020,Z046,2.67,36
L020,Z047,2.94,41
L020,Z048,1.23,8
L020,Z049,1.5,13
L020,Z050,1.77,18
L020,Z051,2.04,23
L020,Z052,2.31,28
L020,Z053,2.58,33
L020,Z054,2.85,38
L020,Z055,1.14,43
L020,Z056,1.41,10
L020,Z057,1.68,15
L020,Z058,1.95,20
L020,Z059,2.22,25
L020,Z060,2.49,30
L020,Z061,2.76,35
L020,Z062,1.05,40
L020,Z063,1.32,45
L020,Z064,1.59,12
L020,Z065,1.86,17
L020,Z066,2.13,22
L020,Z067,2.4,27
L020,Z068,2.67,32
L020,Z069,2.94,37
L020,Z070,1.23,42
L020,Z071,1.5,9
L020,Z072,1.77,14
L020,Z073,2.04,19
L020,Z074,2.31,24
L020,Z075,2.58,29
L020,Z076,2.85,34
L020,Z077,1.14,39
L020,Z078,1.41,44
L020,Z079,1.68,11
L020,Z080,1.95,16
L020,Z081,2.22,21
L020,Z082,2.49,26
L020,Z083,2.76,31
L020,Z084,1.05,36
L020,Z085,1.32,41
L020,Z086,1.59,8
L020,Z087,1.86,13
L020,Z088,2.13,18
L020,Z089,2.4,23
L020,Z090,2.67,28
L020,Z091,2.94,33
L020,Z092,1.23,38
L020,Z093,1.5,43
L020,Z094,1.77,10
L020,Z095,2.04,15
L020,Z096,2.31,20
L020,Z097,2.58,25
L020,Z098,2.85,30
L020,Z099,1.14,35
L020,Z100,1.41,40
L020,Z101,1.68,45
L020,Z102,1.95,12
L020,Z103,2.22,17
L020,Z104,2.49,22
L020,Z105,2.76,27
L020,Z106,1.05,32
L020,Z107,1.32,37
L020,Z108,1.59,42
L020,Z109,1.86,9
L020,Z110,2.13,14
L020,Z111,2.4,19
L020,Z112,2.67,24
L020,Z113,2.94,29
L020,Z114,1.23,34
L020,Z115,1.5,39
L020,Z116,1.77,44
L020,Z117,2.04,11
L020,Z118,2.31,16
L020,Z119,2.58,21
L020,Z120,2.85,26
L021,Z001,2.85,8
L021,Z002,1.14,13
L021,Z003,1.41,18
L021,Z004,1.68,23
L021,Z005,1.95,28
L021,Z006,2.22,33
L021,Z007,2.49,38
L021,Z008,2.76,43
L021,Z009,1.05,10
L021,Z010,1.32,15
L021,Z011,1.59,20
L021,Z012,1.86,25
L021,Z013,2.13,30
L021,Z014,2.4,35
L021,Z015,2.67,40
L021,Z016,2.94,45
L021,Z017,1.23,12
L021,Z018,1.5,17
L021,Z019,1.77,22
L021,Z020,2.04,27
L021,Z021,2.31,32
L021,Z022,2.58,37
L021,Z023,2.85,42
L021,Z024,1.14,9
L021,Z025,1.41,14
L021,Z026,1.68,19
L021,Z027,1.95,24
L021,Z028,2.22,29
L021,Z029,2.49,34
L021,Z030,2.76,39
L021,Z031,1.05,44
L021,Z032,1.32,11
L021,Z033,1.59,16
L021,Z034,1.86,21
L021,Z035,2.13,26
L021,Z036,2.4,31
L021,Z037,2.67,36
L021,Z038,2.94,41
L021,Z039,1.23,8
L021,Z040,1.5,13
L021,Z041,1.77,18
L021,Z042,2.04,23
L021,Z043,2.31,28
L021,Z044,2.58,33
L021,Z045,2.85,38
L021,Z046,1.14,43
L021,Z047,1.41,10
L021,Z048,1.68,15
L021,Z049,1.95,20
L021,Z050,2.22,25
L021,Z051,2.49,30
L021,Z052,2.76,35
L021,Z053,1.05,40
L021,Z054,1.32,45
L021,Z055,1.59,12
L021,Z056,1.86,17
L021,Z057,2.13,22
L021,Z058,2.4,27
L021,Z059,2.67,32
L021,Z060,2.94,37
L021,Z061,1.23,42
L021,Z062,1.5,9
L021,Z063,1.77,14
L021,Z064,2.04,19
L021,Z065,2.31,24
L021,Z066,2.58,29
L021,Z067,2.85,34
L021,Z068,1.14,39
L021,Z069,1.41,44
L021,Z070,1.68,11
L021,Z071,1.95,16
L021,Z072,2.22,21
L021,Z073,2.49,26
L021,Z074,2.76,31
L021,Z075,1.05,36
L021,Z076,1.32,41
L021,Z077,1.59,8
L021,Z078,1.86,13
L021,Z079,2.13,18
L021,Z080,2.4,23
L021,Z081,2.67,28
L021,Z082,2.94,33
L021,Z083,1.23,38
L021,Z084,1.5,43
L021,Z085,1.77,10
L021,Z086,2.04,15
L021,Z087,2.31,20
L021,Z088,2.58,25
L021,Z089,2.85,30
L021,Z090,1.14,35
L021,Z091,1.41,40
L021,Z092,1.68,45
L021,Z093,1.95,12
L021,Z094,2.22,17
L021,Z095,2.49,22
L021,Z096,2.76,27
L021,Z097,1.05,32
L021,Z098,1.32,37
L021,Z099,1.59,42
L021,Z100,1.86,9
L021,Z101,2.13,14
L021,Z102,2.4,19
L021,Z103,2.67,24
L021,Z104,2.94,29
L021,Z105,1.23,34
L021,Z106,1.5,39
L021,Z107,1.77,44
L021,Z108,2.04,11
L021,Z109,2.31,16
L021,Z110,2.58,21
L021,Z111,2.85,26
L021,Z112,1.14,31
L021,Z113,1.41,36
L021,Z114,1.68,41
L021,Z115,1.95,8
L021,Z116,2.22,13
L021,Z117,2.49,18
L021,Z118,2.76,23
L021,Z119,1.05,28
L021,Z120,1.32,33
L022,Z001,1.32,15
L022,Z002,1.59,20
L022,Z003,1.86,25
L022,Z004,2.13,30
L022,Z005,2.4,35
L022,Z006,2.67,40
L022,Z007,2.94,45
L022,Z008,1.23,12
L022,Z009,1.5,17
L022,Z010,1.77,22
L022,Z011,2.04,27
L022,Z012,2.31,32
L022,Z013,2.58,37
L022,Z014,2.85,42
L022,Z015,1.14,9
L022,Z016,1.41,14
L022,Z017,1.68,19
L022,Z018,1.95,24
L022,Z019,2.22,29
L022,Z020,2.49,34
L022,Z021,2.76,39
L022,Z022,1.05,44
L022,Z023,1.32,11
L022,Z024,1.59,16
L022,Z025,1.86,21
L022,Z026,2.13,26
L022,Z027,2.4,31
L022,Z028,2.67,36
L022,Z029,2.94,41
L022,Z030,1.23,8
L022,Z031,1.5,13
L022,Z032,1.77,18
L022,Z033,2.04,23
L022,Z034,2.31,28
L022,Z035,2.58,33
L022,Z036,2.85,38
L022,Z037,1.14,43
L022,Z038,1.41,10
L022,Z039,1.68,15
L022,Z040,1.95,20
L022,Z041,2.22,25
L022,Z042,2.49,30
L022,Z043,2.76,35
L022,Z044,1.05,40
L022,Z045,1.32,45
L022,Z046,1.59,12
L022,Z047,1.86,17
L022,Z048,2.13,22
L022,Z049,2.4,27
L022,Z050,2.67,32
L022,Z051,2.94,37
L022,Z052,1.23,42
L022,Z053,1.5,9
L022,Z054,1.77,14
L022,Z055,2.04,19
L022,Z056,2.31,24
L022,Z057,2.58,29
L022,Z058,2.85,34
L022,Z059,1.14,39
L022,Z060,1.41,44
L022,Z061,1.68,11
L022,Z062,1.95,16
L022,Z063,2.22,21
L022,Z064,2.49,26
L022,Z065,2.76,31
L022,Z066,1.05,36
L022,Z067,1.32,41
L022,Z068,1.59,8
L022,Z069,1.86,13
L022,Z070,2.13,18
L022,Z071,2.4,23
L022,Z072,2.67,28
L022,Z073,2.94,33
L022,Z074,1.23,38
L022,Z075,1.5,43
L022,Z076,1.77,10
L022,Z077,2.04,15
L022,Z078,2.31,20
L022,Z079,2.58,25
L022,Z080,2.85,30
L022,Z081,1.14,35
L022,Z082,1.41,40
L022,Z083,1.68,45
L022,Z084,1.95,12
L022,Z085,2.22,17
L022,Z086,2.49,22
L022,Z087,2.76,27
L022,Z088,1.05,32
L022,Z089,1.32,37
L022,Z090,1.59,42
L022,Z091,1.86,9
L022,Z092,2.13,14
L022,Z093,2.4,19
L022,Z094,2.67,24
L022,Z095,2.94,29
L022,Z096,1.23,34
L022,Z097,1.5,39
L022,Z098,1.77,44
L022,Z099,2.04,11
L022,Z100,2.31,16
L022,Z101,2.58,21
L022,Z102,2.85,26
L022,Z103,1.14,31
L022,Z104,1.41,36
L022,Z105,1.68,41
L022,Z106,1.95,8
L022,Z107,2.22,13
L022,Z108,2.49,18
L022,Z109,2.76,23
L022,Z110,1.05,28
L022,Z111,1.32,33
L022,Z112,1.59,38
L022,Z113,1.86,43
L022,Z114,2.13,10
L022,Z115,2.4,15
L022,Z116,2.67,20
L022,Z117,2.94,25
L022,Z118,1.23,30
L022,Z119,1.5,35
L022,Z120,1.77,40
L023,Z001,1.77,22
L023,Z002,2.04,27
L023,Z003,2.31,32
L023,Z004,2.58,37
L023,Z005,2.85,42
L023,Z006,1.14,9
L023,Z007,1.41,14
L023,Z008,1.68,19
L023,Z009,1.95,24
L023,Z010,2.22,29
L023,Z011,2.49,34
L023,Z012,2.76,39
L023,Z013,1.05,44
L023,Z014,1.32,11
L023,Z015,1.59,16
L023,Z016,1.86,21
L023,Z017,2.13,26
L023,Z018,2.4,31
L023,Z019,2.67,36
L023,Z020,2.94,41
L023,Z021,1.23,8
L023,Z022,1.5,13
L023,Z023,1.77,18
L023,Z024,2.04,23
L023,Z025,2.31,28
L023,Z026,2.58,33
L023,Z027,2.85,38
L023,Z028,1.14,43
L023,Z029,1.41,10
L023,Z030,1.68,15
L023,Z031,1.95,20
L023,Z032,2.22,25
L023,Z033,2.49,30
L023,Z034,2.76,35
L023,Z035,1.05,40
L023,Z036,1.32,45
L023,Z037,1.59,12
L023,Z038,1.86,17
L023,Z039,2.13,22
L023,Z040,2.4,27
L023,Z041,2.67,32
L023,Z042,2.94,37
L023,Z043,1.23,42
L023,Z044,1.5,9
L023,Z045,1.77,14
L023,Z046,2.04,19
L023,Z047,2.31,24
L023,Z048,2.58,29
L023,Z049,2.85,34
L023,Z050,1.14,39
L023,Z051,1.41,44
L023,Z052,1.68,11
L023,Z053,1.95,16
L023,Z054,2.22,21
L023,Z055,2.49,26
L023,Z056,2.76,31
L023,Z057,1.05,36
L023,Z058,1.32,41
L023,Z059,1.59,8
L023,Z060,1.86,13
L023,Z061,2.13,18
L023,Z062,2.4,23
L023,Z063,2.67,28
L023,Z064,2.94,33
L023,Z065,1.23,38
L023,Z066,1.5,43
L023,Z067,1.77,10
L023,Z068,2.04,15
L023,Z069,2.31,20
L023,Z070,2.58,25
L023,Z071,2.85,30
L023,Z072,1.14,35
L023,Z073,1.41,40
L023,Z074,1.68,45
L023,Z075,1.95,12
L023,Z076,2.22,17
L023,Z077,2.49,22
L023,Z078,2.76,27
L023,Z079,1.05,32
L023,Z080,1.32,37
L023,Z081,1.59,42
L023,Z082,1.86,9
L023,Z083,2.13,14
L023,Z084,2.4,19
L023,Z085,2.67,24
L023,Z086,2.94,29
L023,Z087,1.23,34
L023,Z088,1.5,39
L023,Z089,1.77,44
L023,Z090,2.04,11
L023,Z091,2.31,16
L023,Z092,2.58,21
L023,Z093,2.85,26
L023,Z094,1.14,31
L023,Z095,1.41,36
L023,Z096,1.68,41
L023,Z097,1.95,8
L023,Z098,2.22,13
L023,Z099,2.49,18
L023,Z100,2.76,23
L023,Z101,1.05,28
L023,Z102,1.32,33
L023,Z103,1.59,38
L023,Z104,1.86,43
L023,Z105,2.13,10
L023,Z106,2.4,15
L023,Z107,2.67,20
L023,Z108,2.94,25
L023,Z109,1.23,30
L023,Z110,1.5,35
L023,Z111,1.77,40
L023,Z112,2.04,45
L023,Z113,2.31,12
L023,Z114,2.58,17
L023,Z115,2.85,22
L023,Z116,1.14,27
L023,Z117,1.41,32
L023,Z118,1.68,37
L023,Z119,1.95,42
L023,Z120,2.22,9
L024,Z001,2.22,29
L024,Z002,2.49,34
L024,Z003,2.76,39
L024,Z004,1.05,44
L024,Z005,1.32,11
L024,Z006,1.59,16
L024,Z007,1.86,21
L024,Z008,2.13,26
L024,Z009,2.4,31
L024,Z010,2.67,36
L024,Z011,2.94,41
L024,Z012,1.23,8
L024,Z013,1.5,13
L024,Z014,1.77,18
L024,Z015,2.04,23
L024,Z016,2.31,28
L024,Z017,2.58,33
L024,Z018,2.85,38
L024,Z019,1.14,43
L024,Z020,1.41,10
L024,Z021,1.68,15
L024,Z022,1.95,20
L024,Z023,2.22,25
L024,Z024,2.49,30
L024,Z025,2.76,35
L024,Z026,1.05,40
L024,Z027,1.32,45
L024,Z028,1.59,12
L024,Z029,1.86,17
L024,Z030,2.13,22
L024,Z031,2.4,27
L024,Z032,2.67,32
L024,Z033,2.94,37
L024,Z034,1.23,42
L024,Z035,1.5,9
L024,Z036,1.77,14
L024,Z037,2.04,19
L024,Z038,2.31,24
L024,Z039,2.58,29
L024,Z040,2.85,34
L024,Z041,1.14,39
L024,Z042,1.41,44
L024,Z043,1.68,11
L024,Z044,1.95,16
L024,Z045,2.22,21
L024,Z046,2.49,26
L024,Z047,2.76,31
L024,Z048,1.05,36
L024,Z049,1.32,41
L024,Z050,1.59,8
L024,Z051,1.86,13
L024,Z052,2.13,18
L024,Z053,2.4,23
L024,Z054,2.67,28
L024,Z055,2.94,33
L024,Z056,1.23,38
L024,Z057,1.5,43
L024,Z058,1.77,10
L024,Z059,2.04,15
L024,Z060,2.31,20
L024,Z061,2.58,25
L024,Z062,2.85,30
L024,Z063,1.14,35
L024,Z064,1.41,40
L024,Z065,1.68,45
L024,Z066,1.95,12
L024,Z067,2.22,17
L024,Z068,2.49,22
L024,Z069,2.76,27
L024,Z070,1.05,32
L024,Z071,1.32,37
L024,Z072,1.59,42
L024,Z073,1.86,9
L024,Z074,2.13,14
L024,Z075,2.4,19
L024,Z076,2.67,24
L024,Z077,2.94,29
L024,Z078,1.23,34
L024,Z079,1.5,39
L024,Z080,1.77,44
L024,Z081,2.04,11
L024,Z082,2.31,16
L024,Z083,2.58,21
L024,Z084,2.85,26
L024,Z085,1.14,31
L024,Z086,1.41,36
L024,Z087,1.68,41
L024,Z088,1.95,8
L024,Z089,2.22,13
L024,Z090,2.49,18
L024,Z091,2.76,23
L024,Z092,1.05,28
L024,Z093,1.32,33
L024,Z094,1.59,38
L024,Z095,1.86,43
L024,Z096,2.13,10
L024,Z097,2.4,15
L024,Z098,2.67,20
L024,Z099,2.94,25
L024,Z100,1.23,30
L024,Z101,1.5,35
L024,Z102,1.77,40
L024,Z103,2.04,45
L024,Z104,2.31,12
L024,Z105,2.58,17
L024,Z106,2.85,22
L024,Z107,1.14,27
L024,Z108,1.41,32
L024,Z109,1.68,37
L024,Z110,1.95,42
L024,Z111,2.22,9
L024,Z112,2.49,14
L024,Z113,2.76,19
L024,Z114,1.05,24
L024,Z115,1.32,29
L024,Z116,1.59,34
L024,Z117,1.86,39
L024,Z118,2.13,44
L024,Z119,2.4,11
L024,Z120,2.67,16
L025,Z001,2.67,36
L025,Z002,2.94,41
L025,Z003,1.23,8
L025,Z004,1.5,13
L025,Z005,1.77,18
L025,Z006,2.04,23
L025,Z007,2.31,28
L025,Z008,2.58,33
L025,Z009,2.85,38
L025,Z010,1.14,43
L025,Z011,1.41,10
L025,Z012,1.68,15
L025,Z013,1.95,20
L025,Z014,2.22,25
L025,Z015,2.49,30
L025,Z016,2.76,35
L025,Z017,1.05,40
L025,Z018,1.32,45
L025,Z019,1.59,12
L025,Z020,1.86,17
L025,Z021,2.13,22
L025,Z022,2.4,27
L025,Z023,2.67,32
L025,Z024,2.94,37
L025,Z025,1.23,42
L025,Z026,1.5,9
L025,Z027,1.77,14
L025,Z028,2.04,19
L025,Z029,2.31,24
L025,Z030,2.58,29
L025,Z031,2.85,34
L025,Z032,1.14,39
L025,Z033,1.41,44
L025,Z034,1.68,11
L025,Z035,1.95,16
L025,Z036,2.22,21
L025,Z037,2.49,26
L025,Z038,2.76,31
L025,Z039,1.05,36
L025,Z040,1.32,41
L025,Z041,1.59,8
L025,Z042,1.86,13
L025,Z043,2.13,18
L025,Z044,2.4,23
L025,Z045,2.67,28
L025,Z046,2.94,33
L025,Z047,1.23,38
L025,Z048,1.5,43
L025,Z049,1.77,10
L025,Z050,2.04,15
L025,Z051,2.31,20
L025,Z052,2.58,25
L025,Z053,2.85,30
L025,Z054,1.14,35
L025,Z055,1.41,40
L025,Z056,1.68,45
L025,Z057,1.95,12
L025,Z058,2.22,17
L025,Z059,2.49,22
L025,Z060,2.76,27
L025,Z061,1.05,32
L025,Z062,1.32,37
L025,Z063,1.59,42
L025,Z064,1.86,9
L025,Z065,2.13,14
L025,Z066,2.4,19
L025,Z067,2.67,24
L025,Z068,2.94,29
L025,Z069,1.23,34
L025,Z070,1.5,39
L025,Z071,1.77,44
L025,Z072,2.04,11
L025,Z073,2.31,16
L025,Z074,2.58,21
L025,Z075,2.85,26
L025,Z076,1.14,31
L025,Z077,1.41,36
L025,Z078,1.68,41
L025,Z079,1.95,8
L025,Z080,2.22,13
L025,Z081,2.49,18
L025,Z082,2.76,23
L025,Z083,1.05,28
L025,Z084,1.32,33
L025,Z085,1.59,38
L025,Z086,1.86,43
L025,Z087,2.13,10
L025,Z088,2.4,15
L025,Z089,2.67,20
L025,Z090,2.94,25
L025,Z091,1.23,30
L025,Z092,1.5,35
L025,Z093,1.77,40
L025,Z094,2.04,45
L025,Z095,2.31,12
L025,Z096,2.58,17
L025,Z097,2.85,22
L025,Z098,1.14,27
L025,Z099,1.41,32
L025,Z100,1.68,37
L025,Z101,1.95,42
L025,Z102,2.22,9
L025,Z103,2.49,14
L025,Z104,2.76,19
L025,Z105,1.05,24
L025,Z106,1.32,29
L025,Z107,1.59,34
L025,Z108,1.86,39
L025,Z109,2.13,44
L025,Z110,2.4,11
L025,Z111,2.67,16
L025,Z112,2.94,21
L025,Z113,1.23,26
L025,Z114,1.5,31
L025,Z115,1.77,36
L025,Z116,2.04,41
L025,Z117,2.31,8
L025,Z118,2.58,13
L025,Z119,2.85,18
L025,Z120,1.14,23
L026,Z001,1.14,43
L026,Z002,1.41,10
L026,Z003,1.68,15
L026,Z004,1.95,20
L026,Z005,2.22,25
L026,Z006,2.49,30
L026,Z007,2.76,35
L026,Z008,1.05,40
L026,Z009,1.32,45
L026,Z010,1.59,12
L026,Z011,1.86,17
L026,Z012,2.13,22
L026,Z013,2.4,27
L026,Z014,2.67,32
L026,Z015,2.94,37
L026,Z016,1.23,42
L026,Z017,1.5,9
L026,Z018,1.77,14
L026,Z019,2.04,19
L026,Z020,2.31,24
L026,Z021,2.58,29
L026,Z022,2.85,34
L026,Z023,1.14,39
L026,Z024,1.41,44
L026,Z025,1.68,11
L026,Z026,1.95,16
L026,Z027,2.22,21
L026,Z028,2.49,26
L026,Z029,2.76,31
L026,Z030,1.05,36
L026,Z031,1.32,41
L026,Z032,1.59,8
L026,Z033,1.86,13
L026,Z034,2.13,18
L026,Z035,2.4,23
L026,Z036,2.67,28
L026,Z037,2.94,33
L026,Z038,1.23,38
L026,Z039,1.5,43
L026,Z040,1.77,10
L026,Z041,2.04,15
L026,Z042,2.31,20
L026,Z043,2.58,25
L026,Z044,2.85,30
L026,Z045,1.14,35
L026,Z046,1.41,40
L026,Z047,1.68,45
L026,Z048,1.95,12
L026,Z049,2.22,17
L026,Z050,2.49,22
L026,Z051,2.76,27
L026,Z052,1.05,32
L026,Z053,1.32,37
L026,Z054,1.59,42
L026,Z055,1.86,9
L026,Z056,2.13,14
L026,Z057,2.4,19
L026,Z058,2.67,24
L026,Z059,2.94,29
L026,Z060,1.23,34
L026,Z061,1.5,39
L026,Z062,1.77,44
L026,Z063,2.04,11
L026,Z064,2.31,16
L026,Z065,2.58,21
L026,Z066,2.85,26
L026,Z067,1.14,31
L026,Z068,1.41,36
L026,Z069,1.68,41
L026,Z070,1.95,8
L026,Z071,2.22,13
L026,Z072,2.49,18
L026,Z073,2.76,23
L026,Z074,1.05,28
L026,Z075,1.32,33
L026,Z076,1.59,38
L026,Z077,1.86,43
L026,Z078,2.13,10
L026,Z079,2.4,15
L026,Z080,2.67,20
L026,Z081,2.94,25
L026,Z082,1.23,30
L026,Z083,1.5,35
L026,Z084,1.77,40
L026,Z085,2.04,45
L026,Z086,2.31,12
L026,Z087,2.58,17
L026,Z088,2.85,22
L026,Z089,1.14,27
L026,Z090,1.41,32
L026,Z091,1.68,37
L026,Z092,1.95,42
L026,Z093,2.22,9
L026,Z094,2.49,14
L026,Z095,2.76,19
L026,Z096,1.05,24
L026,Z097,1.32,29
L026,Z098,1.59,34
L026,Z099,1.86,39
L026,Z100,2.13,44
L026,Z101,2.4,11
L026,Z102,2.67,16
L026,Z103,2.94,21
L026,Z104,1.23,26
L026,Z105,1.5,31
L026,Z106,1.77,36
L026,Z107,2.04,41
L026,Z108,2.31,8
L026,Z109,2.58,13
L026,Z110,2.85,18
L026,Z111,1.14,23
L026,Z112,1.41,28
L026,Z113,1.68,33
L026,Z114,1.95,38
L026,Z115,2.22,43
L026,Z116,2.49,10
L026,Z117,2.76,15
L026,Z118,1.05,20
L026,Z119,1.32,25
L026,Z120,1.59,30
L027,Z001,1.59,12
L027,Z002,1.86,17
L027,Z003,2.13,22
L027,Z004,2.4,27
L027,Z005,2.67,32
L027,Z006,2.94,37
L027,Z007,1.23,42
L027,Z008,1.5,9
L027,Z009,1.77,14
L027,Z010,2.04,19
L027,Z011,2.31,24
L027,Z012,2.58,29
L027,Z013,2.85,34
L027,Z014,1.14,39
L027,Z015,1.41,44
L027,Z016,1.68,11
L027,Z017,1.95,16
L027,Z018,2.22,21
L027,Z019,2.49,26
L027,Z020,2.76,31
L027,Z021,1.05,36
L027,Z022,1.32,41
L027,Z023,1.59,8
L027,Z024,1.86,13
L027,Z025,2.13,18
L027,Z026,2.4,23
L027,Z027,2.67,28
L027,Z028,2.94,33
L027,Z029,1.23,38
L027,Z030,1.5,43
L027,Z031,1.77,10
L027,Z032,2.04,15
L027,Z033,2.31,20
L027,Z034,2.58,25
L027,Z035,2.85,30
L027,Z036,1.14,35
L027,Z037,1.41,40
L027,Z038,1.68,45
L027,Z039,1.95,12
L027,Z040,2.22,17
L027,Z041,2.49,22
L027,Z042,2.76,27
L027,Z043,1.05,32
L027,Z044,1.32,37
L027,Z045,1.59,42
L027,Z046,1.86,9
L027,Z047,2.13,14
L027,Z048,2.4,19
L027,Z049,2.67,24
L027,Z050,2.94,29
L027,Z051,1.23,34
L027,Z052,1.5,39
L027,Z053,1.77,44
L027,Z054,2.04,11
L027,Z055,2.31,16
L027,Z056,2.58,21
L027,Z057,2.85,26
L027,Z058,1.14,31
L027,Z059,1.41,36
L027,Z060,1.68,41
L027,Z061,1.95,8
L027,Z062,2.22,13
L027,Z063,2.49,18
L027,Z064,2.76,23
L027,Z065,1.05,28
L027,Z066,1.32,33
L027,Z067,1.59,38
L027,Z068,1.86,43
L027,Z069,2.13,10
L027,Z070,2.4,15
L027,Z071,2.67,20
L027,Z072,2.94,25
L027,Z073,1.23,30
L027,Z074,1.5,35
L027,Z075,1.77,40
L027,Z076,2.04,45
L027,Z077,2.31,12
L027,Z078,2.58,17
L027,Z079,2.85,22
L027,Z080,1.14,27
L027,Z081,1.41,32
L027,Z082,1.68,37
L027,Z083,1.95,42
L027,Z084,2.22,9
L027,Z085,2.49,14
L027,Z086,2.76,19
L027,Z087,1.05,24
L027,Z088,1.32,29
L027,Z089,1.59,34
L027,Z090,1.86,39
L027,Z091,2.13,44
L027,Z092,2.4,11
L027,Z093,2.67,16
L027,Z094,2.94,21
L027,Z095,1.23,26
L027,Z096,1.5,31
L027,Z097,1.77,36
L027,Z098,2.04,41
L027,Z099,2.31,8
L027,Z100,2.58,13
L027,Z101,2.85,18
L027,Z102,1.14,23
L027,Z103,1.41,28
L027,Z104,1.68,33
L027,Z105,1.95,38
L027,Z106,2.22,43
L027,Z107,2.49,10
L027,Z108,2.76,15
L027,Z109,1.05,20
L027,Z110,1.32,25
L027,Z111,1.59,30
L027,Z112,1.86,35
L027,Z113,2.13,40
L027,Z114,2.4,45
L027,Z115,2.67,12
L027,Z116,2.94,17
L027,Z117,1.23,22
L027,Z118,1.5,27
L027,Z119,1.77,32
L027,Z120,2.04,37
L028,Z001,2.04,19
L028,Z002,2.31,24
L028,Z003,2.58,29
L028,Z004,2.85,34
L028,Z005,1.14,39
L028,Z006,1.41,44
L028,Z007,1.68,11
L028,Z008,1.95,16
L028,Z009,2.22,21
L028,Z010,2.49,26
L028,Z011,2.76,31
L028,Z012,1.05,36
L028,Z013,1.32,41
L028,Z014,1.59,8
L028,Z015,1.86,13
L028,Z016,2.13,18
L028,Z017,2.4,23
L028,Z018,2.67,28
L028,Z019,2.94,33
L028,Z020,1.23,38
L028,Z021,1.5,43
L028,Z022,1.77,10
L028,Z023,2.04,15
L028,Z024,2.31,20
L028,Z025,2.58,25
L028,Z026,2.85,30
L028,Z027,1.14,35
L028,Z028,1.41,40
L028,Z029,1.68,45
L028,Z030,1.95,12
L028,Z031,2.22,17
L028,Z032,2.49,22
L028,Z033,2.76,27
L028,Z034,1.05,32
L028,Z035,1.32,37
L028,Z036,1.59,42
L028,Z037,1.86,9
L028,Z038,2.13,14
L028,Z039,2.4,19
L028,Z040,2.67,24
L028,Z041,2.94,29
L028,Z042,1.23,34
L028,Z043,1.5,39
L028,Z044,1.77,44
L028,Z045,2.04,11
L028,Z046,2.31,16
L028,Z047,2.58,21
L028,Z048,2.85,26
L028,Z049,1.14,31
L028,Z050,1.41,36
L028,Z051,1.68,41
L028,Z052,1.95,8
L028,Z053,2.22,13
L028,Z054,2.49,18
L028,Z055,2.76,23
L028,Z056,1.05,28
L028,Z057,1.32,33
L028,Z058,1.59,38
L028,Z059,1.86,43
L028,Z060,2.13,10
L028,Z061,2.4,15
L028,Z062,2.67,20
L028,Z063,2.94,25
L028,Z064,1.23,30
L028,Z065,1.5,35
L028,Z066,1.77,40
L028,Z067,2.04,45
L028,Z068,2.31,12
L028,Z069,2.58,17
L028,Z070,2.85,22
L028,Z071,1.14,27
L028,Z072,1.41,32
L028,Z073,1.68,37
L028,Z074,1.95,42
L028,Z075,2.22,9
L028,Z076,2.49,14
L028,Z077,2.76,19
L028,Z078,1.05,24
L028,Z079,1.32,29
L028,Z080,1.59,34
L028,Z081,1.86,39
L028,Z082,2.13,44
L028,Z083,2.4,11
L028,Z084,2.67,16
L028,Z085,2.94,21
L028,Z086,1.23,26
L028,Z087,1.5,31
L028,Z088,1.77,36
L028,Z089,2.04,41
L028,Z090,2.31,8
L028,Z091,2.58,13
L028,Z092,2.85,18
L028,Z093,1.14,23
L028,Z094,1.41,28
L028,Z095,1.68,33
L028,Z096,1.95,38
L028,Z097,2.22,43
L028,Z098,2.49,10
L028,Z099,2.76,15
L028,Z100,1.05,20
L028,Z101,1.32,25
L028,Z102,1.59,30
L028,Z103,1.86,35
L028,Z104,2.13,40
L028,Z105,2.4,45
L028,Z106,2.67,12
L028,Z107,2.94,17
L028,Z108,1.23,22
L028,Z109,1.5,27
L028,Z110,1.77,32
L028,Z111,2.04,37
L028,Z112,2.31,42
L028,Z113,2.58,9
L028,Z114,2.85,14
L028,Z115,1.14,19
L028,Z116,1.41,24
L028,Z117,1.68,29
L028,Z118,1.95,34
L028,Z119,2.22,39
L028,Z120,2.49,44
L029,Z001,2.49,26
L029,Z002,2.76,31
L029,Z003,1.05,36
L029,Z004,1.32,41
L029,Z005,1.59,8
L029,Z006,1.86,13
L029,Z007,2.13,18
L029,Z008,2.4,23
L029,Z009,2.67,28
L029,Z010,2.94,33
L029,Z011,1.23,38
L029,Z012,1.5,43
L029,Z013,1.77,10
L029,Z014,2.04,15
L029,Z015,2.31,20
L029,Z016,2.58,25
L029,Z017,2.85,30
L029,Z018,1.14,35
L029,Z019,1.41,40
L029,Z020,1.68,45
L029,Z021,1.95,12
L029,Z022,2.22,17
L029,Z023,2.49,22
L029,Z024,2.76,27
L029,Z025,1.05,32
L029,Z026,1.32,37
L029,Z027,1.59,42
L029,Z028,1.86,9
L029,Z029,2.13,14
L029,Z030,2.4,19
L029,Z031,2.67,24
L029,Z032,2.94,29
L029,Z033,1.23,34
L029,Z034,1.5,39
L029,Z035,1.77,44
L029,Z036,2.04,11
L029,Z037,2.31,16
L029,Z038,2.58,21
L029,Z039,2.85,26
L029,Z040,1.14,31
L029,Z041,1.41,36
L029,Z042,1.68,41
L029,Z043,1.95,8
L029,Z044,2.22,13
L029,Z045,2.49,18
L029,Z046,2.76,23
L029,Z047,1.05,28
L029,Z048,1.32,33
L029,Z049,1.59,38
L029,Z050,1.86,43
L029,Z051,2.13,10
L029,Z052,2.4,15
L029,Z053,2.67,20
L029,Z054,2.94,25
L029,Z055,1.23,30
L029,Z056,1.5,35
L029,Z057,1.77,40
L029,Z058,2.04,45
L029,Z059,2.31,12
L029,Z060,2.58,17
L029,Z061,2.85,22
L029,Z062,1.14,27
L029,Z063,1.41,32
L029,Z064,1.68,37
L029,Z065,1.95,42
L029,Z066,2.22,9
L029,Z067,2.49,14
L029,Z068,2.76,19
L029,Z069,1.05,24
L029,Z070,1.32,29
L029,Z071,1.59,34
L029,Z072,1.86,39
L029,Z073,2.13,44
L029,Z074,2.4,11
L029,Z075,2.67,16
L029,Z076,2.94,21
L029,Z077,1.23,26
L029,Z078,1.5,31
L029,Z079,1.77,36
L029,Z080,2.04,41
L029,Z081,2.31,8
L029,Z082,2.58,13
L029,Z083,2.85,18
L029,Z084,1.14,23
L029,Z085,1.41,28
L029,Z086,1.68,33
L029,Z087,1.95,38
L029,Z088,2.22,43
L029,Z089,2.49,10
L029,Z090,2.76,15
L029,Z091,1.05,20
L029,Z092,1.32,25
L029,Z093,1.59,30
L029,Z094,1.86,35
L029,Z095,2.13,40
L029,Z096,2.4,45
L029,Z097,2.67,12
L029,Z098,2.94,17
L029,Z099,1.23,22
L029,Z100,1.5,27
L029,Z101,1.77,32
L029,Z102,2.04,37
L029,Z103,2.31,42
L029,Z104,2.58,9
L029,Z105,2.85,14
L029,Z106,1.14,19
L029,Z107,1.41,24
L029,Z108,1.68,29
L029,Z109,1.95,34
L029,Z110,2.22,39
L029,Z111,2.49,44
L029,Z112,2.76,11
L029,Z113,1.05,16
L029,Z114,1.32,21
L029,Z115,1.59,26
L029,Z116,1.86,31
L029,Z117,2.13,36
L029,Z118,2.4,41
L029,Z119,2.67,8
L029,Z120,2.94,13
L030,Z001,2.94,33
L030,Z002,1.23,38
L030,Z003,1.5,43
L030,Z004,1.77,10
L030,Z005,2.04,15
L030,Z006,2.31,20
L030,Z007,2.58,25
L030,Z008,2.85,30
L030,Z009,1.14,35
L030,Z010,1.41,40
L030,Z011,1.68,45
L030,Z012,1.95,12
L030,Z013,2.22,17
L030,Z014,2.49,22
L030,Z015,2.76,27
L030,Z016,1.05,32
L030,Z017,1.32,37
L030,Z018,1.59,42
L030,Z019,1.86,9
L030,Z020,2.13,14
L030,Z021,2.4,19
L030,Z022,2.67,24
L030,Z023,2.94,29
L030,Z024,1.23,34
L030,Z025,1.5,39
L030,Z026,1.77,44
L030,Z027,2.04,11
L030,Z028,2.31,16
L030,Z029,2.58,21
L030,Z030,2.85,26
L030,Z031,1.14,31
L030,Z032,1.41,36
L030,Z033,1.68,41
L030,Z034,1.95,8
L030,Z035,2.22,13
L030,Z036,2.49,18
L030,Z037,2.76,23
L030,Z038,1.05,28
L030,Z039,1.32,33
L030,Z040,1.59,38
L030,Z041,1.86,43
L030,Z042,2.13,10
L030,Z043,2.4,15
L030,Z044,2.67,20
L030,Z045,2.94,25
L030,Z046,1.23,30
L030,Z047,1.5,35
L030,Z048,1.77,40
L030,Z049,2.04,45
L030,Z050,2.31,12
L030,Z051,2.58,17
L030,Z052,2.85,22
L030,Z053,1.14,27
L030,Z054,1.41,32
L030,Z055,1.68,37
L030,Z056,1.95,42
L030,Z057,2.22,9
L030,Z058,2.49,14
L030,Z059,2.76,19
L030,Z060,1.05,24
L030,Z061,1.32,29
L030,Z062,1.59,34
L030,Z063,1.86,39
L030,Z064,2.13,44
L030,Z065,2.4,11
L030,Z066,2.67,16
L030,Z067,2.94,21
L030,Z068,1.23,26
L030,Z069,1.5,31
L030,Z070,1.77,36
L030,Z071,2.04,41
L030,Z072,2.31,8
L030,Z073,2.58,13
L030,Z074,2.85,18
L030,Z075,1.14,23
L030,Z076,1.41,28
L030,Z077,1.68,33
L030,Z078,1.95,38
L030,Z079,2.22,43
L030,Z080,2.49,10
L030,Z081,2.76,15
L030,Z082,1.05,20
L030,Z083,1.32,25
L030,Z084,1.59,30
L030,Z085,1.86,35
L030,Z086,2.13,40
L030,Z087,2.4,45
L030,Z088,2.67,12
L030,Z089,2.94,17
L030,Z090,1.23,22
L030,Z091,1.5,27
L030,Z092,1.77,32
L030,Z093,2.04,37
L030,Z094,2.31,42
L030,Z095,2.58,9
L030,Z096,2.85,14
L030,Z097,1.14,19
L030,Z098,1.41,24
L030,Z099,1.68,29
L030,Z100,1.95,34
L030,Z101,2.22,39
L030,Z102,2.49,44
L030,Z103,2.76,11
L030,Z104,1.05,16
L030,Z105,1.32,21
L030,Z106,1.59,26
L030,Z107,1.86,31
L030,Z108,2.13,36
L030,Z109,2.4,41
L030,Z110,2.67,8
L030,Z111,2.94,13
L030,Z112,1.23,18
L030,Z113,1.5,23
L030,Z114,1.77,28
L030,Z115,2.04,33
L030,Z116,2.31,38
L030,Z117,2.58,43
L030,Z118,2.85,10
L030,Z119,1.14,15
L030,Z120,1.41,20
